profile_id,account_age,verified_status,number_of_jobs_applied,response_rate,completion_rate,feedback_score,total_earnings,last_login_ip,last_login_time,device_type,number_of_refunds,reported_fraud
1,1 month,unverified,79,0.16,0.88,1.7,3485,162.14.224.34,2024-04-23 16:12:11,Tablet,4,True
2,6 months,verified,61,0.24,0.26,4.1,5451,130.176.110.211,2024-01-26 00:50:05,Tablet,2,False
3,6 months,unverified,78,0.46,0.12,4.3,3187,157.234.252.178,2024-04-09 01:59:26,Mobile,3,True
4,3 years,verified,27,0.34,0.56,4.5,6830,218.97.148.177,2024-03-03 10:04:56,PC,1,False
5,6 months,unverified,26,0.72,0.91,1.4,8298,216.5.192.155,2024-09-22 03:50:10,Tablet,2,True
6,1 year,verified,15,0.8,0.38,3.9,6150,191.24.177.116,2024-03-28 08:23:39,Mobile,4,True
7,1 month,unverified,25,0.55,0.83,4.3,2484,207.248.73.212,2024-01-27 03:39:27,Mobile,0,False
8,2 years,unverified,66,0.88,0.89,2.6,8814,114.104.42.196,2024-09-22 10:32:14,Mobile,4,False
9,6 months,verified,98,0.27,0.87,2.1,5965,85.110.45.72,2024-04-19 21:38:08,Mobile,2,True
10,2 years,verified,28,0.41,0.57,1.8,8876,146.151.37.93,2024-06-02 01:51:23,Tablet,2,False
11,3 years,unverified,69,0.51,0.74,1.5,2781,150.50.238.223,2024-07-17 12:53:22,PC,0,False
12,2 years,verified,24,0.76,0.59,2.9,5703,136.139.196.148,2024-04-25 00:58:08,PC,0,False
13,2 years,verified,87,0.84,0.24,2.3,6467,124.35.255.91,2024-03-11 18:17:01,Tablet,0,True
14,6 months,verified,51,0.37,0.29,4.7,8423,215.126.111.130,2024-04-28 16:12:10,Tablet,1,True
15,1 year,verified,48,0.75,0.7,4.3,4647,209.124.161.203,2024-08-26 17:50:33,Mobile,2,False
16,1 year,unverified,49,0.59,0.22,2.4,9219,73.228.69.149,2024-04-03 22:36:07,Tablet,5,False
17,1 month,verified,28,0.32,0.7,3.7,2543,210.141.228.139,2024-10-03 01:43:52,Mobile,2,True
18,2 years,verified,41,0.69,0.96,1.1,7089,152.50.241.252,2024-03-07 00:59:24,Mobile,1,True
19,1 month,unverified,41,0.29,0.91,3.4,2112,161.149.73.64,2024-02-28 00:27:11,PC,4,False
20,6 months,unverified,40,0.98,0.81,3.3,5316,205.132.41.178,2024-09-24 20:39:26,PC,1,True
21,2 years,unverified,83,0.33,0.46,2.0,3452,165.44.203.206,2024-06-11 09:35:59,Mobile,4,False
22,1 year,verified,36,0.96,0.6,2.7,6746,114.115.131.10,2024-06-26 13:50:17,Tablet,0,True
23,6 months,verified,35,0.25,0.93,2.7,8300,14.184.243.233,2024-09-08 13:32:44,PC,5,False
24,2 years,verified,3,0.62,0.13,2.1,5393,67.238.148.0,2024-03-14 05:28:51,Tablet,4,True
25,3 years,unverified,51,0.26,0.18,2.3,8103,175.80.58.225,2024-01-24 10:58:20,PC,0,False
26,6 months,unverified,93,0.45,0.69,1.2,2323,42.100.221.171,2024-07-15 11:05:06,Mobile,4,False
27,6 months,unverified,35,0.13,0.47,3.0,9690,142.224.225.6,2024-01-20 12:52:26,Tablet,4,False
28,1 month,verified,24,0.85,0.14,1.4,9596,149.252.198.97,2024-03-06 06:50:44,Tablet,3,True
29,2 years,verified,45,0.41,0.55,3.1,3728,220.210.142.155,2024-07-01 15:15:57,PC,5,True
30,2 years,verified,41,0.48,0.33,1.3,3857,65.45.174.29,2024-02-14 07:29:52,PC,5,False
31,1 month,verified,97,0.44,0.23,3.0,4874,83.84.201.24,2024-03-12 00:01:01,Mobile,4,True
32,3 years,unverified,60,0.36,0.95,2.2,4600,39.21.143.45,2024-05-01 20:37:35,Tablet,3,True
33,1 year,verified,8,0.65,0.77,2.7,3271,215.118.146.88,2024-09-09 23:43:16,Mobile,1,False
34,3 years,verified,17,0.74,0.12,4.4,7896,190.171.77.66,2024-03-12 15:58:22,PC,1,True
35,1 year,verified,54,0.39,0.12,4.5,7479,192.50.72.183,2024-06-18 19:54:13,PC,1,False
36,2 years,verified,84,0.99,0.48,3.3,557,188.49.191.236,2024-02-18 10:00:42,Tablet,1,True
37,3 years,unverified,49,0.31,0.49,3.2,4293,172.158.193.72,2024-05-09 01:46:16,PC,4,True
38,6 months,verified,53,0.48,0.39,1.7,2044,213.78.220.49,2024-06-28 08:46:20,PC,3,True
39,2 years,verified,31,0.22,0.72,1.7,2796,43.38.231.182,2024-06-06 23:55:53,Tablet,5,False
40,1 month,verified,55,0.41,0.59,3.4,3282,170.40.118.175,2024-03-07 13:40:02,Tablet,5,True
41,6 months,verified,21,0.46,0.44,4.0,669,42.194.255.185,2024-07-11 03:26:04,Mobile,5,False
42,2 years,verified,12,0.74,0.58,3.8,8232,220.133.33.112,2024-01-06 22:26:28,Tablet,4,True
43,1 month,verified,44,0.39,0.76,2.2,7949,161.249.199.141,2024-08-07 16:14:14,Mobile,3,True
44,2 years,verified,50,0.41,0.64,1.3,7927,209.167.37.110,2024-07-17 13:05:58,Mobile,5,True
45,2 years,unverified,71,0.53,0.4,3.9,8603,95.179.240.60,2024-06-10 05:19:09,Tablet,1,True
46,2 years,unverified,99,0.5,0.47,1.5,8495,183.35.172.186,2024-01-19 11:30:59,Mobile,0,False
47,2 years,verified,68,0.21,0.92,3.0,8342,207.3.57.203,2024-02-28 23:58:16,PC,0,True
48,1 month,unverified,42,1.0,0.63,1.2,7768,195.129.192.105,2024-01-08 04:39:16,PC,5,True
49,6 months,verified,76,0.2,0.51,4.4,7809,216.210.47.1,2024-03-01 09:25:25,Mobile,3,True
50,2 years,unverified,63,0.71,0.75,4.9,9515,193.32.240.184,2024-06-24 09:04:05,Mobile,1,True
51,3 years,unverified,45,0.96,0.18,2.6,345,23.39.139.64,2024-01-05 15:17:10,Tablet,1,True
52,6 months,verified,6,0.37,0.34,3.9,6828,119.116.158.70,2024-02-27 13:18:02,PC,2,True
53,1 month,unverified,70,0.81,0.58,3.4,9141,196.72.208.87,2024-10-02 19:31:08,Mobile,3,True
54,2 years,verified,95,0.13,0.41,3.9,6674,38.239.231.174,2024-05-17 09:58:22,Tablet,3,False
55,3 years,verified,26,0.9,0.34,4.2,1757,202.202.1.54,2024-05-12 18:16:44,Mobile,2,False
56,1 year,unverified,69,0.28,0.11,4.6,5107,140.12.13.188,2024-07-05 03:54:21,Mobile,1,False
57,2 years,unverified,57,0.99,0.78,3.0,1928,61.182.239.184,2024-09-25 00:07:20,Mobile,5,True
58,3 years,verified,66,0.7,0.94,2.6,4050,153.89.214.221,2024-07-07 09:45:04,Tablet,0,False
59,3 years,unverified,69,0.85,0.84,1.3,8096,178.59.195.107,2024-09-06 16:38:30,Tablet,0,True
60,3 years,verified,6,0.9,0.33,4.1,5183,141.221.175.77,2024-03-07 16:15:00,PC,4,True
61,1 year,unverified,40,0.99,0.19,1.7,5303,180.64.82.168,2024-09-06 19:14:58,Tablet,0,False
62,1 year,unverified,4,0.26,0.42,2.2,7131,196.146.24.164,2024-01-14 01:13:04,Mobile,2,True
63,3 years,verified,1,0.21,0.94,4.8,9939,20.160.213.122,2024-07-27 16:17:39,Mobile,2,True
64,6 months,unverified,78,0.11,0.11,2.6,2775,205.66.44.142,2024-05-19 00:42:37,Tablet,3,True
65,2 years,verified,97,0.35,0.42,1.6,9801,221.42.0.104,2024-05-11 16:10:16,Mobile,5,True
66,1 year,verified,53,0.71,0.81,2.3,9795,131.59.209.105,2024-08-04 20:48:34,Tablet,2,True
67,6 months,unverified,35,0.54,0.58,1.2,1101,128.10.175.227,2024-01-07 19:06:17,Mobile,0,False
68,3 years,unverified,71,0.2,0.79,4.9,518,92.91.248.15,2024-02-17 14:48:42,Tablet,2,False
69,3 years,verified,76,0.16,0.87,1.2,6768,159.52.205.223,2024-05-01 19:27:14,Tablet,2,True
70,1 month,verified,13,0.77,0.13,4.7,7395,197.36.136.215,2024-08-21 05:34:45,Mobile,5,True
71,2 years,verified,51,0.52,0.27,1.6,7627,175.186.247.50,2024-06-18 17:06:15,Mobile,1,False
72,1 month,unverified,54,0.97,0.78,4.6,2138,213.13.148.36,2024-09-27 18:45:21,PC,2,False
73,2 years,unverified,75,0.16,0.45,2.7,6546,215.82.168.54,2024-07-12 22:05:19,PC,5,True
74,1 year,unverified,92,0.74,0.83,4.7,6994,208.61.187.228,2024-05-30 05:02:59,Mobile,1,True
75,3 years,unverified,45,0.43,0.52,1.3,585,138.28.133.222,2024-03-30 14:00:52,Mobile,0,False
76,6 months,unverified,95,0.64,0.45,3.6,5806,197.178.79.104,2024-09-01 03:52:17,PC,0,True
77,1 year,unverified,4,0.9,0.38,3.6,3693,19.119.242.121,2024-05-30 14:58:25,Mobile,0,False
78,1 month,unverified,95,0.83,0.91,3.7,7004,146.127.20.29,2024-06-01 02:27:34,PC,5,False
79,6 months,unverified,81,0.4,0.88,2.0,3208,160.132.41.232,2024-03-16 12:52:44,Mobile,5,False
80,3 years,verified,17,0.47,0.77,3.1,4355,187.107.79.170,2024-03-06 14:53:49,Mobile,0,False
81,2 years,verified,9,0.46,0.97,3.7,2547,145.62.66.3,2024-08-16 12:13:44,PC,3,False
82,1 month,verified,59,0.4,0.2,4.8,9319,102.218.0.131,2024-07-19 07:07:41,Tablet,0,True
83,1 year,unverified,33,0.87,0.19,3.6,4286,149.76.20.131,2024-03-14 15:22:29,PC,0,False
84,2 years,unverified,74,0.24,0.38,1.7,3892,82.198.130.176,2024-02-10 05:55:53,Tablet,2,True
85,3 years,unverified,59,0.39,0.29,2.5,5918,213.91.211.201,2024-07-27 11:34:36,Tablet,0,True
86,6 months,unverified,38,0.79,0.48,5.0,4883,72.182.240.71,2024-02-01 14:38:30,Mobile,4,True
87,2 years,unverified,38,0.62,0.22,1.7,4164,217.49.78.204,2024-01-21 20:06:18,Mobile,5,False
88,6 months,unverified,60,0.25,0.74,3.2,418,184.177.86.49,2024-07-25 21:17:49,Tablet,5,True
89,6 months,unverified,63,0.97,0.51,3.8,3905,32.66.215.202,2024-02-22 05:28:01,Tablet,2,True
90,3 years,unverified,38,0.71,0.35,3.6,694,112.55.59.209,2024-01-27 10:47:50,Tablet,5,True
91,1 month,unverified,15,0.74,0.66,4.5,340,220.114.201.138,2024-04-13 14:30:38,Tablet,5,True
92,1 month,unverified,34,0.6,0.34,1.8,2705,212.233.53.50,2024-01-30 07:06:07,PC,3,False
93,3 years,unverified,75,0.91,0.9,3.7,7592,161.169.249.121,2024-10-05 06:27:11,PC,3,True
94,1 year,verified,91,0.92,0.19,2.3,3869,221.179.157.54,2024-06-01 18:23:39,Mobile,5,False
95,2 years,verified,63,0.37,0.98,2.4,2513,69.239.116.81,2024-08-03 16:25:59,PC,2,False
96,6 months,unverified,76,0.23,0.85,3.6,5857,211.88.109.33,2024-01-05 08:00:28,Tablet,2,False
97,1 month,verified,71,0.93,0.59,3.9,8720,111.206.217.97,2024-08-22 16:16:38,Tablet,1,False
98,1 month,verified,18,0.46,0.42,1.5,2530,207.185.191.86,2024-08-31 08:36:07,Tablet,1,True
99,3 years,verified,83,0.11,0.37,1.1,550,195.221.184.7,2024-02-20 13:11:54,Tablet,3,True
100,3 years,verified,32,0.19,0.37,1.1,5898,145.10.161.27,2024-08-07 14:08:19,Mobile,1,True
101,3 years,verified,32,0.73,0.71,2.5,954,83.242.34.152,2024-06-08 17:14:44,Tablet,3,True
102,6 months,verified,80,0.91,0.2,3.5,7880,209.217.72.212,2024-08-21 02:36:01,PC,5,False
103,6 months,unverified,16,0.28,0.47,3.8,8197,171.26.68.36,2024-05-30 01:33:43,Mobile,5,True
104,3 years,verified,16,1.0,0.97,1.1,8582,170.142.80.32,2024-06-22 15:20:33,PC,1,False
105,1 year,verified,82,0.37,0.79,4.8,1099,207.36.222.128,2024-06-28 23:53:34,Tablet,3,False
106,1 month,unverified,78,0.33,0.43,2.2,4277,48.192.162.109,2024-06-14 01:13:38,Tablet,3,True
107,3 years,verified,57,0.43,0.48,2.2,930,155.149.36.210,2024-07-22 00:35:29,Mobile,3,True
108,6 months,unverified,86,0.61,0.75,4.8,2432,200.111.247.152,2024-06-19 18:14:06,PC,3,True
109,2 years,unverified,93,0.18,0.64,2.5,2750,193.89.156.120,2024-03-16 08:19:49,Tablet,3,True
110,1 year,verified,67,0.84,0.61,2.4,1934,52.172.147.157,2024-07-28 16:09:19,PC,1,True
111,1 month,unverified,57,0.32,0.62,1.3,923,48.178.209.231,2024-05-14 00:43:15,Tablet,1,False
112,3 years,unverified,13,0.11,0.85,1.1,1127,218.43.217.243,2024-05-02 09:11:46,Tablet,0,True
113,1 month,unverified,15,0.23,0.68,4.0,4008,5.117.83.235,2024-01-12 13:20:49,Tablet,1,False
114,3 years,unverified,19,0.26,0.37,2.0,1858,149.103.214.213,2024-04-27 09:00:30,Mobile,2,False
115,3 years,verified,17,0.32,0.97,2.4,7885,14.131.196.25,2024-08-24 12:56:53,Tablet,1,False
116,2 years,unverified,13,0.14,0.96,4.5,4375,175.58.244.244,2024-04-30 01:42:53,Tablet,4,False
117,1 month,verified,23,0.61,0.43,3.5,3554,193.110.43.119,2024-04-05 14:29:38,PC,0,False
118,3 years,verified,20,0.4,0.3,2.0,7169,142.15.15.156,2024-09-19 02:05:37,PC,0,True
119,1 month,verified,70,0.53,0.13,1.4,5903,171.9.190.77,2024-01-01 00:30:56,Mobile,2,False
120,2 years,unverified,55,0.42,0.43,4.9,4535,154.24.224.53,2024-04-18 02:56:16,Mobile,3,True
121,1 month,unverified,18,0.21,0.45,2.5,9673,99.211.74.4,2024-02-24 04:31:22,PC,1,True
122,6 months,verified,47,0.51,0.68,1.4,7829,70.148.189.247,2024-09-03 23:18:18,Mobile,1,True
123,3 years,verified,60,0.22,0.42,1.3,5030,112.221.146.162,2024-04-20 16:01:08,Mobile,4,True
124,3 years,verified,44,0.18,0.44,4.6,6295,179.99.62.145,2024-07-20 06:52:35,Mobile,3,True
125,2 years,unverified,53,0.76,0.8,1.1,8926,33.91.205.15,2024-07-07 14:27:04,Mobile,0,True
126,6 months,unverified,10,0.49,0.89,4.0,6681,65.153.229.33,2024-08-08 05:19:01,Mobile,4,True
127,6 months,verified,67,0.89,0.89,1.7,1997,28.35.120.193,2024-04-05 16:57:36,Tablet,5,False
128,2 years,verified,4,0.26,0.42,4.9,762,124.213.210.103,2024-06-24 00:59:07,Mobile,1,False
129,2 years,verified,34,0.63,0.65,2.1,9106,141.213.153.133,2024-10-01 22:06:54,Tablet,5,True
130,3 years,unverified,12,0.73,0.52,3.8,8939,59.236.134.97,2024-05-02 04:22:09,Mobile,5,False
131,1 year,verified,84,0.55,0.69,2.3,7611,129.115.140.182,2024-01-31 15:21:10,Mobile,4,True
132,2 years,verified,66,0.56,0.73,4.2,2772,217.94.197.157,2024-04-27 07:37:28,Tablet,5,False
133,3 years,unverified,54,0.72,0.97,1.3,6910,128.85.246.114,2024-05-29 12:17:11,Tablet,4,True
134,6 months,unverified,10,0.84,0.59,2.0,7901,212.11.103.131,2024-06-11 11:02:52,Tablet,1,True
135,1 year,verified,18,0.8,0.46,1.9,1284,216.23.143.69,2024-07-20 03:10:44,Tablet,2,False
136,2 years,unverified,41,0.79,0.29,1.1,4813,75.6.183.169,2024-02-27 22:13:48,PC,2,True
137,1 year,verified,34,0.78,0.36,2.1,2071,130.30.197.22,2024-05-16 12:07:03,Mobile,3,False
138,6 months,verified,53,0.6,0.62,1.7,3406,141.247.94.103,2024-08-12 20:41:46,Tablet,1,True
139,2 years,verified,21,0.22,0.55,1.8,8455,196.148.220.46,2024-07-27 11:08:54,Tablet,4,False
140,6 months,verified,84,0.6,0.71,3.2,3908,220.246.45.24,2024-05-16 14:41:18,Mobile,3,True
141,2 years,unverified,14,0.75,0.12,3.6,8960,208.18.254.67,2024-01-23 06:31:27,PC,3,True
142,1 month,verified,79,0.61,0.69,2.8,8719,46.19.119.151,2024-10-01 09:45:34,PC,1,False
143,2 years,verified,67,0.89,0.12,3.9,4563,78.151.255.157,2024-02-27 18:35:46,Mobile,4,False
144,6 months,verified,12,0.4,0.62,1.6,1760,99.168.194.179,2024-06-14 13:29:56,Tablet,2,False
145,1 year,verified,6,0.14,0.66,1.0,8222,114.41.117.82,2024-07-25 13:26:24,Mobile,2,True
146,6 months,unverified,97,0.24,0.24,2.2,2439,178.230.63.122,2024-02-12 19:07:03,Mobile,3,True
147,1 month,unverified,18,0.3,0.13,4.2,6601,166.71.50.144,2024-01-14 14:35:17,PC,1,False
148,2 years,unverified,65,0.83,0.2,1.7,292,186.105.193.44,2024-06-14 09:16:42,PC,1,True
149,6 months,unverified,54,0.3,0.43,3.2,4085,122.35.176.68,2024-03-01 02:09:57,Mobile,5,False
150,2 years,verified,89,0.34,0.32,3.4,269,201.232.36.41,2024-03-07 11:31:26,Tablet,2,False
151,6 months,unverified,6,0.12,0.57,1.7,1331,185.2.62.208,2024-07-30 15:27:53,Tablet,3,False
152,3 years,verified,3,0.42,0.5,2.4,3292,4.5.15.4,2024-04-28 23:45:44,Tablet,0,False
153,2 years,verified,30,0.15,0.99,1.0,2657,223.227.75.99,2024-09-12 09:35:14,Tablet,3,True
154,2 years,verified,90,0.71,0.45,4.3,8700,53.100.254.115,2024-02-27 18:42:28,Tablet,4,True
155,6 months,unverified,31,0.2,0.43,2.2,3589,139.78.194.60,2024-06-27 05:19:27,Tablet,1,True
156,3 years,unverified,17,0.78,0.84,3.7,3068,205.207.38.16,2024-03-04 12:55:45,Tablet,1,True
157,1 month,verified,44,0.93,0.81,1.2,5880,102.248.120.111,2024-01-11 00:01:38,PC,3,False
158,3 years,unverified,78,0.63,0.96,1.2,4189,122.9.11.180,2024-08-28 03:22:40,Tablet,2,True
159,2 years,verified,48,0.45,0.97,2.9,1875,124.41.229.30,2024-08-20 11:06:14,Tablet,4,False
160,3 years,verified,75,0.29,0.66,2.2,4812,146.31.17.226,2024-08-08 11:25:15,Mobile,5,True
161,6 months,verified,60,0.58,0.62,1.1,6499,142.69.248.139,2024-03-16 17:41:21,Tablet,0,False
162,1 month,unverified,82,0.48,0.43,4.3,3805,166.93.215.164,2024-01-11 06:52:07,PC,5,True
163,3 years,unverified,12,0.83,0.71,1.7,6024,144.208.77.249,2024-02-09 21:40:07,Mobile,3,False
164,1 year,unverified,55,0.36,0.19,1.9,9424,221.119.64.213,2024-02-15 02:32:12,Tablet,0,False
165,6 months,verified,38,0.31,0.9,4.2,3396,3.244.104.180,2024-04-11 12:19:48,PC,0,False
166,2 years,verified,91,0.43,0.17,3.6,4619,182.179.243.110,2024-07-14 11:17:33,Tablet,1,True
167,3 years,verified,53,0.75,0.36,2.5,8497,212.189.157.32,2024-09-20 05:28:13,Tablet,2,True
168,6 months,verified,59,0.8,0.5,1.6,8606,210.47.196.246,2024-04-23 08:04:32,Tablet,1,False
169,1 year,verified,52,0.5,0.24,3.0,8303,101.185.36.135,2024-03-09 13:08:31,PC,2,False
170,6 months,verified,62,0.49,0.73,4.8,5013,20.78.208.153,2024-07-11 06:50:28,PC,2,True
171,1 month,unverified,9,0.14,0.16,4.8,2697,43.158.17.91,2024-08-22 16:17:53,Tablet,1,True
172,6 months,unverified,26,0.81,0.1,1.6,7202,79.193.215.168,2024-06-06 15:42:25,Mobile,4,True
173,2 years,unverified,91,0.43,0.81,2.7,5329,40.0.154.183,2024-03-27 08:18:06,Mobile,5,False
174,1 year,verified,80,0.68,0.63,3.8,6637,122.203.146.125,2024-08-23 15:02:35,PC,2,True
175,1 month,unverified,2,0.2,0.39,2.4,5526,212.156.39.204,2024-01-08 04:58:17,Tablet,2,True
176,6 months,verified,42,0.7,0.49,2.1,4398,39.251.122.237,2024-07-13 08:44:03,Tablet,1,True
177,1 month,unverified,40,0.61,0.52,2.7,7355,57.176.64.252,2024-03-04 17:18:50,PC,5,True
178,1 month,unverified,46,0.72,0.46,3.4,2462,219.171.251.73,2024-06-26 01:34:07,Mobile,3,False
179,2 years,unverified,2,0.48,0.9,4.4,3996,188.39.116.68,2024-07-28 18:28:51,Mobile,0,False
180,2 years,unverified,24,0.34,0.9,3.7,1231,203.34.230.65,2024-02-01 20:47:29,PC,4,False
181,2 years,unverified,16,0.98,0.41,4.1,3306,103.67.148.183,2024-07-12 00:40:16,Mobile,1,True
182,3 years,verified,96,0.48,0.18,1.4,7283,23.11.75.81,2024-04-11 08:54:37,PC,4,False
183,2 years,unverified,58,0.65,0.97,3.8,8469,193.170.160.79,2024-09-05 15:58:58,Tablet,5,True
184,2 years,verified,7,0.96,0.56,3.8,7369,37.241.188.223,2024-05-03 17:40:32,Mobile,3,True
185,3 years,verified,45,0.15,0.58,3.9,8368,68.170.83.253,2024-04-17 19:57:53,Tablet,4,True
186,6 months,unverified,62,0.28,0.72,3.9,7135,169.244.163.233,2024-09-12 04:09:16,Tablet,0,False
187,1 year,verified,71,0.41,0.41,2.5,4882,183.62.42.233,2024-03-26 07:38:40,PC,5,True
188,2 years,unverified,75,0.23,0.81,4.1,8114,165.255.204.220,2024-03-12 21:42:13,Mobile,5,True
189,3 years,unverified,67,0.52,0.34,1.6,5300,219.254.244.123,2024-01-11 08:41:16,PC,5,True
190,6 months,unverified,28,0.68,0.33,4.6,4654,182.83.30.133,2024-08-20 17:08:53,Tablet,2,True
191,6 months,unverified,67,0.57,0.6,1.4,9099,165.229.196.108,2024-06-08 19:41:39,Tablet,0,True
192,3 years,unverified,26,0.21,0.52,2.2,6477,148.159.159.41,2024-02-24 11:08:02,Tablet,2,False
193,1 year,verified,55,0.17,0.18,3.4,4356,92.138.108.119,2024-04-18 09:14:24,Tablet,3,True
194,1 month,unverified,47,0.56,0.12,3.1,8552,129.35.15.174,2024-04-23 10:16:30,PC,3,False
195,3 years,unverified,10,0.73,0.86,4.3,5690,9.107.78.121,2024-07-15 17:51:36,Mobile,4,False
196,1 month,unverified,91,0.74,0.19,1.5,1194,130.204.77.225,2024-03-18 09:07:04,Mobile,4,True
197,1 month,verified,59,0.31,0.58,4.3,7718,19.4.66.137,2024-03-02 18:26:41,Tablet,3,True
198,3 years,unverified,49,0.31,0.46,2.2,2076,148.49.87.37,2024-09-12 11:53:52,Tablet,4,False
199,6 months,unverified,38,0.49,0.95,4.1,9733,66.211.243.114,2024-04-17 18:02:42,Mobile,4,False
200,2 years,unverified,4,0.82,0.25,1.4,1438,223.209.24.27,2024-01-15 14:59:53,Tablet,4,False
201,2 years,unverified,84,0.44,0.59,3.3,9886,223.143.123.77,2024-08-02 04:08:35,PC,4,True
202,1 month,verified,74,0.82,0.43,3.8,2834,163.116.92.16,2024-01-20 10:13:00,Tablet,3,False
203,1 year,verified,60,0.7,0.43,4.5,1852,122.237.137.230,2024-07-30 13:16:16,Tablet,2,False
204,3 years,verified,15,0.86,1.0,2.0,9066,161.80.181.125,2024-01-01 19:25:35,Mobile,4,True
205,6 months,unverified,9,0.24,0.15,2.5,827,162.115.230.75,2024-04-07 15:09:06,Mobile,0,True
206,6 months,unverified,64,0.19,0.67,2.7,3233,55.197.159.151,2024-03-08 01:05:35,Tablet,1,False
207,1 month,verified,30,0.46,0.97,3.8,1914,223.116.38.61,2024-02-23 02:10:54,Mobile,1,False
208,2 years,verified,52,0.48,0.49,2.3,1476,201.107.146.163,2024-09-25 13:17:56,Tablet,0,True
209,2 years,unverified,73,0.51,0.3,2.1,6168,31.69.161.177,2024-01-17 00:24:48,Mobile,1,True
210,6 months,verified,55,0.54,0.82,1.5,5320,164.1.230.17,2024-08-19 10:12:45,Mobile,2,True
211,2 years,unverified,5,0.82,0.8,3.1,9741,197.85.61.217,2024-02-29 15:01:46,Mobile,4,False
212,1 month,unverified,76,0.51,0.11,2.3,9230,74.205.70.44,2024-05-19 14:00:37,Mobile,3,False
213,1 month,unverified,12,0.39,0.61,1.7,6027,97.131.247.153,2024-03-30 21:13:06,Tablet,5,True
214,6 months,verified,90,0.52,0.83,3.9,6087,31.18.125.27,2024-09-26 09:56:25,Tablet,0,True
215,3 years,unverified,48,0.23,0.25,3.5,8306,202.1.197.57,2024-05-22 09:09:02,Tablet,5,True
216,1 year,verified,26,0.49,0.18,1.0,5691,136.79.254.40,2024-01-29 18:11:16,PC,1,False
217,3 years,unverified,46,0.44,0.85,1.1,3177,199.210.94.134,2024-08-04 08:03:35,Mobile,5,False
218,3 years,verified,26,0.48,0.29,4.3,6174,220.96.38.22,2024-03-10 01:47:09,Tablet,2,True
219,3 years,unverified,73,0.2,0.63,2.2,7573,188.165.79.144,2024-04-01 16:01:49,Tablet,2,False
220,1 year,verified,83,0.54,0.55,2.9,6172,78.2.149.70,2024-07-06 18:41:33,Mobile,2,False
221,2 years,verified,44,0.21,0.89,2.0,7935,182.76.8.41,2024-06-04 20:00:37,Tablet,3,False
222,1 month,unverified,13,0.17,0.49,3.9,3439,203.0.179.232,2024-06-30 21:31:44,Tablet,4,True
223,1 month,verified,69,0.24,0.51,1.8,5191,197.25.9.69,2024-03-30 01:37:51,Tablet,3,False
224,6 months,verified,87,0.29,0.18,1.2,3623,28.99.231.238,2024-05-11 12:24:40,Tablet,0,False
225,6 months,unverified,100,0.29,0.62,1.4,7183,191.202.228.124,2024-09-02 12:56:42,Mobile,4,False
226,1 year,unverified,84,0.34,0.49,1.5,9033,164.56.198.239,2024-05-26 01:00:36,PC,2,False
227,6 months,unverified,7,0.8,0.22,2.7,3747,186.82.156.137,2024-04-15 01:07:29,PC,4,False
228,1 month,verified,75,0.78,0.8,1.3,2928,42.87.215.127,2024-04-08 22:22:28,Mobile,3,True
229,1 month,unverified,39,0.22,0.57,3.0,5876,123.229.28.155,2024-02-19 08:22:03,Tablet,1,True
230,6 months,verified,81,0.92,0.97,1.9,9411,135.191.193.64,2024-07-15 04:13:45,PC,2,True
231,2 years,verified,13,0.66,0.41,1.3,9234,46.232.112.240,2024-08-30 19:02:14,Mobile,5,True
232,1 month,unverified,69,0.94,0.87,2.8,8512,193.7.135.142,2024-08-04 16:33:33,Tablet,0,False
233,2 years,verified,23,0.59,0.43,3.7,3407,205.17.119.218,2024-08-07 01:45:13,Tablet,3,True
234,1 month,unverified,9,0.34,0.79,2.5,599,88.220.39.152,2024-06-16 12:21:49,Tablet,0,True
235,3 years,verified,96,0.26,0.81,4.7,195,220.79.2.23,2024-01-24 11:31:05,Mobile,5,False
236,6 months,unverified,9,0.32,0.23,4.0,8571,176.66.225.133,2024-05-30 05:31:38,PC,4,False
237,1 month,verified,80,0.94,0.62,2.6,8287,178.186.129.90,2024-07-02 12:06:21,Mobile,2,True
238,1 year,unverified,8,0.85,0.69,1.5,8696,192.171.131.165,2024-09-03 12:57:52,Tablet,4,True
239,1 month,unverified,32,0.18,0.56,2.5,3232,150.43.28.115,2024-08-18 20:29:27,Mobile,4,False
240,6 months,verified,21,0.8,0.41,2.6,1093,129.14.182.225,2024-07-28 10:56:41,PC,4,False
241,1 year,unverified,37,0.32,0.68,1.1,9826,223.104.244.59,2024-05-09 11:35:26,Tablet,3,True
242,1 year,unverified,57,0.74,0.26,1.8,370,172.62.94.185,2024-01-19 01:19:44,PC,3,True
243,6 months,unverified,18,0.35,0.1,4.2,7514,221.241.188.169,2024-07-12 03:03:25,Mobile,5,True
244,1 month,unverified,96,0.99,0.91,1.0,8207,66.252.160.26,2024-01-10 06:20:21,PC,0,False
245,3 years,unverified,56,0.75,0.17,4.3,9228,56.87.91.190,2024-08-20 22:26:52,PC,2,True
246,1 year,unverified,51,0.72,0.27,4.9,7500,101.74.243.53,2024-06-05 17:29:38,Tablet,0,True
247,2 years,unverified,2,0.23,0.27,3.2,9916,26.161.160.102,2024-10-03 09:03:10,PC,1,False
248,2 years,verified,36,0.22,0.3,3.1,2991,179.201.57.23,2024-08-30 16:38:59,Tablet,1,False
249,6 months,unverified,80,0.23,0.24,3.6,9813,89.116.146.86,2024-05-21 23:11:45,Tablet,1,False
250,1 month,verified,12,0.53,0.71,3.7,812,104.175.141.143,2024-08-05 02:59:19,Mobile,2,True
251,6 months,unverified,86,0.13,0.81,4.7,3034,174.148.12.109,2024-05-31 22:15:54,PC,3,False
252,6 months,unverified,87,0.72,0.35,4.0,4438,166.32.204.94,2024-07-27 01:09:32,Tablet,0,True
253,1 year,verified,2,0.39,0.16,4.8,6029,58.173.250.183,2024-02-03 04:47:33,Tablet,5,False
254,1 year,verified,41,0.49,0.8,2.8,6673,16.202.19.232,2024-09-21 01:51:12,Mobile,3,False
255,1 month,unverified,80,0.96,0.98,4.2,9965,96.144.250.53,2024-06-05 00:50:24,PC,2,False
256,3 years,verified,25,0.12,1.0,1.1,5823,11.205.121.110,2024-03-05 08:33:04,Tablet,5,False
257,3 years,unverified,83,0.84,0.22,1.4,1426,37.146.138.198,2024-01-04 17:16:24,PC,2,False
258,2 years,verified,25,0.76,0.96,1.7,648,103.199.150.58,2024-06-19 20:27:49,Mobile,4,False
259,3 years,verified,17,0.61,0.83,3.4,3339,165.48.92.33,2024-06-08 16:45:10,PC,4,True
260,1 month,unverified,90,0.29,0.81,3.7,7365,212.38.23.121,2024-06-14 18:25:56,Mobile,2,False
261,6 months,unverified,75,0.56,0.26,1.6,3879,168.73.28.239,2024-05-17 02:29:26,Tablet,4,False
262,1 month,verified,97,0.81,0.93,2.0,8964,174.101.150.17,2024-01-31 17:52:16,Tablet,1,False
263,3 years,unverified,46,0.31,0.62,3.4,2069,128.6.122.96,2024-07-03 07:32:58,Mobile,5,False
264,6 months,unverified,84,0.42,0.66,1.1,5817,217.189.247.23,2024-07-24 12:25:42,Tablet,0,False
265,6 months,verified,79,0.4,0.35,1.5,5284,163.73.108.224,2024-09-18 01:10:17,Tablet,1,True
266,3 years,verified,42,0.46,0.13,3.0,2148,207.209.251.157,2024-09-10 22:44:23,PC,0,True
267,1 month,unverified,89,0.31,0.44,4.8,1892,197.235.91.199,2024-05-11 18:12:57,PC,4,True
268,1 month,unverified,83,0.45,0.24,3.3,6062,139.211.223.156,2024-01-30 17:04:24,Mobile,2,False
269,6 months,verified,51,0.97,0.99,1.7,7849,197.163.37.50,2024-03-20 10:48:53,PC,1,False
270,3 years,verified,34,0.34,0.59,2.7,5081,219.0.63.57,2024-08-29 20:37:56,Tablet,4,True
271,2 years,verified,44,0.58,0.97,4.6,9766,12.207.77.211,2024-05-09 09:05:23,Tablet,0,False
272,6 months,unverified,14,0.35,0.39,3.6,2732,59.160.136.186,2024-06-16 14:27:50,Mobile,0,True
273,1 year,unverified,87,0.74,0.2,2.0,6220,216.125.190.206,2024-05-02 23:13:53,PC,3,False
274,3 years,unverified,93,1.0,0.13,1.2,4367,58.78.134.189,2024-01-03 03:35:02,PC,1,True
275,1 month,unverified,63,0.86,0.44,4.5,8825,88.147.200.250,2024-08-18 04:46:05,Mobile,2,False
276,2 years,verified,8,0.5,0.58,1.8,8101,189.70.147.204,2024-03-06 20:28:55,Tablet,0,False
277,3 years,verified,57,0.19,0.93,4.9,3506,164.218.2.191,2024-02-23 14:21:11,Mobile,3,True
278,2 years,unverified,4,0.93,0.99,3.6,3990,133.247.214.16,2024-02-16 08:27:32,Tablet,5,False
279,1 year,unverified,50,0.11,0.34,2.2,633,219.12.18.184,2024-05-29 23:47:57,Mobile,5,False
280,6 months,unverified,42,0.76,0.37,1.8,7754,190.66.34.71,2024-05-08 09:57:03,Tablet,3,True
281,3 years,verified,77,0.98,0.82,4.6,8761,218.52.215.47,2024-06-15 11:21:49,Mobile,0,False
282,2 years,unverified,59,0.45,0.96,4.6,4143,91.249.209.158,2024-03-27 09:23:35,PC,1,True
283,1 year,verified,8,0.44,0.63,1.4,9081,68.28.226.138,2024-07-19 03:41:03,Mobile,3,True
284,3 years,verified,65,0.35,0.95,2.5,7477,213.14.104.213,2024-04-22 06:31:20,PC,0,False
285,1 month,unverified,54,0.49,0.59,1.9,9215,198.65.15.212,2024-04-17 07:35:58,Tablet,0,False
286,6 months,unverified,95,0.9,0.65,4.5,1687,26.1.105.142,2024-01-13 00:45:19,PC,4,True
287,3 years,verified,52,0.55,0.68,2.8,4449,85.62.210.239,2024-06-16 13:05:29,PC,5,False
288,2 years,verified,36,0.42,0.73,4.1,8111,9.29.202.170,2024-04-09 06:22:40,PC,4,False
289,1 month,verified,40,0.96,0.36,1.5,832,218.105.85.133,2024-07-03 03:05:24,Mobile,4,True
290,6 months,verified,25,0.46,0.4,1.6,1057,135.36.83.201,2024-03-24 21:57:51,Tablet,5,False
291,6 months,verified,31,0.76,0.81,1.1,3174,210.144.143.125,2024-06-02 11:31:38,Tablet,3,False
292,1 month,unverified,19,0.68,0.48,4.8,8243,82.58.144.95,2024-06-23 19:46:53,Mobile,0,False
293,1 year,verified,39,0.13,0.64,3.6,5756,215.171.109.40,2024-01-25 23:23:10,Tablet,0,False
294,6 months,unverified,3,0.97,0.52,1.5,8083,212.72.100.56,2024-05-12 08:55:30,Tablet,5,True
295,1 month,verified,50,0.12,0.59,2.0,5078,151.184.100.35,2024-06-23 19:51:17,PC,5,False
296,1 month,unverified,4,0.78,0.39,1.2,2396,175.70.104.112,2024-08-22 17:03:37,Mobile,4,True
297,1 month,unverified,21,0.28,0.79,1.1,9779,142.29.234.197,2024-03-01 06:16:18,Tablet,1,True
298,1 year,verified,67,0.65,0.84,1.2,6108,131.116.189.205,2024-04-12 19:37:30,Mobile,4,True
299,2 years,unverified,100,0.67,0.18,3.5,8405,55.187.249.157,2024-03-01 21:14:02,Tablet,5,False
300,1 year,verified,64,0.8,0.88,3.3,1540,99.46.19.183,2024-05-31 08:05:23,Tablet,1,True
301,1 month,verified,95,0.55,0.9,2.3,7891,72.13.209.15,2024-08-31 06:07:16,PC,2,False
302,3 years,unverified,37,0.2,0.49,4.9,6128,146.149.141.161,2024-03-05 05:06:15,PC,4,True
303,1 month,verified,28,0.69,0.57,3.8,7010,207.165.10.37,2024-04-05 08:11:36,Tablet,0,True
304,1 month,unverified,51,0.81,0.73,1.0,1480,56.46.79.237,2024-02-20 02:49:50,Mobile,4,True
305,3 years,unverified,49,0.67,0.23,1.4,6832,212.29.72.92,2024-02-01 23:50:06,Tablet,3,True
306,2 years,unverified,58,0.74,0.16,4.2,3324,210.214.2.78,2024-02-19 11:11:57,Tablet,0,True
307,6 months,unverified,66,0.37,0.34,3.8,481,216.89.135.226,2024-04-02 09:02:04,Mobile,4,False
308,6 months,verified,91,0.83,0.32,4.5,1943,194.112.196.55,2024-09-02 19:03:34,Tablet,4,False
309,3 years,unverified,22,0.12,0.24,4.7,9018,213.77.155.230,2024-08-20 03:31:48,Tablet,1,True
310,3 years,unverified,13,0.11,0.93,4.6,4044,146.46.58.110,2024-03-01 09:04:28,Mobile,0,False
311,2 years,verified,48,0.59,0.69,4.1,512,222.201.20.71,2024-04-03 12:12:33,Tablet,3,False
312,3 years,verified,23,0.17,0.64,1.3,547,132.223.235.124,2024-01-09 01:00:45,Mobile,4,False
313,2 years,verified,36,0.4,0.2,3.2,8000,223.226.209.22,2024-02-20 12:05:53,Tablet,5,False
314,1 year,unverified,54,0.54,0.2,4.2,403,118.13.206.85,2024-01-11 12:11:31,Mobile,2,True
315,1 year,verified,38,0.74,0.1,2.6,3445,214.142.155.31,2024-06-18 12:45:10,Mobile,1,True
316,2 years,verified,19,0.39,0.34,1.6,9272,185.15.250.69,2024-08-31 02:46:15,Mobile,0,True
317,6 months,unverified,62,0.24,0.28,3.5,1085,14.222.172.138,2024-07-01 02:35:33,Mobile,5,False
318,1 year,unverified,60,0.17,0.6,2.3,1870,39.30.239.15,2024-02-03 03:16:40,Mobile,3,True
319,3 years,verified,69,0.33,0.8,1.1,2001,139.228.144.94,2024-02-15 07:25:25,Mobile,1,True
320,1 year,unverified,93,0.93,0.68,1.6,9139,99.68.97.112,2024-10-05 08:28:25,PC,4,False
321,6 months,verified,1,0.43,0.14,1.1,7364,183.94.88.232,2024-08-07 09:27:18,Mobile,2,False
322,1 year,verified,98,0.29,0.49,2.4,5223,116.204.186.66,2024-04-13 01:56:08,Mobile,3,True
323,3 years,verified,49,0.3,0.25,1.1,9387,150.50.216.60,2024-06-14 09:44:14,PC,4,True
324,6 months,verified,66,0.92,0.29,4.6,8206,138.142.191.105,2024-06-10 19:16:58,PC,5,False
325,1 year,unverified,89,0.89,0.56,5.0,9087,37.252.136.174,2024-09-16 04:27:47,Mobile,5,True
326,1 year,unverified,33,0.28,0.19,2.9,5121,206.6.209.51,2024-04-22 08:31:20,Mobile,4,False
327,3 years,verified,45,0.35,0.18,2.1,6923,216.160.141.163,2024-02-06 15:18:16,Tablet,5,False
328,1 month,unverified,86,0.77,0.44,3.9,4691,195.181.145.202,2024-09-09 06:28:23,Tablet,2,True
329,3 years,verified,25,0.86,0.66,2.8,9098,194.184.230.25,2024-07-16 08:03:11,PC,2,True
330,6 months,unverified,55,0.43,0.84,3.1,8791,162.80.179.227,2024-01-08 11:28:26,Mobile,1,False
331,2 years,unverified,54,0.87,0.37,1.0,426,201.212.30.34,2024-01-30 18:54:02,Tablet,5,False
332,1 month,unverified,25,0.85,0.2,4.9,9426,151.2.249.235,2024-09-21 22:07:24,Tablet,0,True
333,2 years,verified,41,0.91,0.8,2.7,7284,201.139.195.139,2024-10-02 13:59:37,Tablet,0,False
334,3 years,unverified,14,0.6,0.17,3.6,4426,211.47.254.171,2024-03-29 10:20:10,Tablet,2,True
335,6 months,unverified,82,0.5,0.71,2.9,6383,57.3.122.205,2024-09-14 21:33:20,PC,2,False
336,6 months,verified,23,0.62,0.15,2.0,1784,217.66.168.248,2024-08-26 09:31:38,Mobile,0,True
337,1 year,verified,54,0.52,0.1,1.7,7648,94.245.113.137,2024-01-17 22:14:14,Tablet,1,False
338,2 years,unverified,11,0.21,0.29,1.6,2523,220.86.75.28,2024-06-23 07:49:48,Tablet,4,False
339,1 month,unverified,85,0.39,0.32,3.0,3479,146.135.5.177,2024-09-10 14:05:48,Mobile,1,False
340,3 years,verified,69,0.3,0.85,3.3,2843,218.26.98.234,2024-02-02 18:56:02,Mobile,4,False
341,1 month,verified,51,0.16,0.81,3.5,1539,47.78.17.31,2024-02-06 08:19:03,Mobile,2,True
342,3 years,unverified,66,0.41,0.94,2.4,7229,206.215.94.140,2024-04-08 23:45:00,Tablet,1,False
343,3 years,unverified,76,0.22,0.97,4.9,5963,157.224.111.109,2024-01-11 01:42:18,Mobile,1,True
344,6 months,unverified,66,0.82,0.3,2.3,9349,115.122.37.195,2024-06-26 01:22:37,Tablet,2,False
345,2 years,unverified,59,0.36,0.99,4.0,4233,194.255.251.168,2024-06-13 11:50:42,PC,5,False
346,2 years,verified,2,0.45,0.81,4.8,3345,144.101.173.4,2024-09-17 00:24:48,PC,3,False
347,2 years,unverified,76,0.86,0.64,3.5,5567,175.121.236.204,2024-05-13 01:13:02,Tablet,1,False
348,3 years,verified,39,0.56,0.19,1.1,7690,214.180.11.175,2024-03-26 09:05:57,Mobile,4,True
349,3 years,verified,47,0.34,0.44,2.3,6236,205.161.192.248,2024-06-06 19:48:29,Mobile,0,False
350,6 months,verified,47,0.57,0.57,3.2,5438,206.218.13.8,2024-08-10 17:01:08,Mobile,4,True
351,1 year,verified,8,0.58,0.57,2.0,1666,66.21.156.45,2024-05-18 05:30:07,Tablet,4,False
352,1 year,verified,19,0.25,0.87,1.7,1848,208.183.6.240,2024-06-10 13:19:11,Tablet,3,True
353,6 months,unverified,52,0.26,0.68,4.3,8797,126.58.131.36,2024-07-09 13:02:38,PC,0,False
354,6 months,verified,45,0.98,0.73,3.6,9163,68.83.16.233,2024-02-19 04:39:48,Tablet,1,False
355,1 year,verified,61,0.23,0.89,2.5,6615,189.141.109.123,2024-06-08 08:34:36,Tablet,3,False
356,2 years,unverified,8,0.22,0.33,2.6,9707,195.178.85.66,2024-06-11 08:06:55,Tablet,2,False
357,1 year,unverified,49,0.54,0.2,4.8,6414,182.130.129.112,2024-05-29 13:48:53,Tablet,4,False
358,6 months,unverified,85,0.43,0.18,4.8,3689,20.202.167.82,2024-03-13 06:54:38,Mobile,0,True
359,6 months,verified,93,0.13,0.35,4.1,920,122.97.61.181,2024-06-04 23:47:43,PC,0,False
360,1 month,unverified,85,0.3,0.26,1.8,9795,221.10.209.140,2024-06-08 18:18:55,PC,0,False
361,1 year,unverified,21,0.45,0.46,2.8,5499,19.238.123.239,2024-07-12 23:24:50,Tablet,3,True
362,1 year,verified,58,0.52,0.76,1.3,5445,212.78.161.99,2024-02-28 10:29:12,Tablet,2,False
363,1 year,unverified,54,0.33,0.19,4.5,6532,195.188.63.127,2024-03-20 20:01:03,PC,0,True
364,1 month,verified,65,0.73,0.28,4.8,8642,161.121.68.145,2024-09-17 11:18:40,Mobile,3,True
365,3 years,unverified,79,0.67,0.89,1.4,742,203.250.120.93,2024-07-27 10:32:45,PC,1,True
366,1 year,unverified,76,0.58,0.32,4.9,4489,28.247.223.96,2024-01-17 14:43:38,PC,0,False
367,2 years,verified,12,0.21,0.84,4.1,5190,63.84.64.192,2024-09-10 15:23:34,Mobile,1,False
368,1 year,unverified,9,0.98,0.13,1.6,1470,157.135.125.114,2024-07-31 14:17:02,Mobile,4,True
369,1 year,verified,64,0.17,0.9,2.3,5600,8.157.186.212,2024-09-04 13:57:08,PC,0,False
370,1 month,unverified,91,0.19,0.66,1.4,5832,136.42.111.169,2024-04-16 21:52:14,Mobile,2,True
371,1 year,verified,40,0.83,0.65,1.8,3716,167.180.255.46,2024-01-02 02:29:13,Mobile,0,True
372,3 years,verified,58,0.34,0.75,3.4,2143,95.252.204.116,2024-04-11 09:03:08,Tablet,2,True
373,6 months,unverified,99,0.25,0.16,3.9,5405,221.35.116.4,2024-07-30 02:21:18,PC,0,False
374,1 month,unverified,50,0.57,0.88,3.2,3028,153.134.111.126,2024-03-08 07:27:58,PC,4,False
375,6 months,verified,92,0.71,0.43,1.6,1738,138.238.151.187,2024-08-04 06:46:37,Tablet,1,False
376,1 year,unverified,4,0.45,0.4,3.5,1709,190.64.79.145,2024-09-08 05:15:17,Mobile,2,False
377,6 months,unverified,96,0.3,0.78,3.9,2873,167.190.20.93,2024-08-14 11:03:04,Mobile,0,True
378,2 years,unverified,89,0.91,0.76,1.9,9369,165.86.231.189,2024-06-15 17:00:04,PC,2,True
379,3 years,unverified,88,0.93,0.99,4.8,6682,56.83.136.111,2024-03-05 18:33:45,Mobile,5,True
380,3 years,verified,54,0.35,0.28,3.9,9255,144.2.179.158,2024-04-02 15:22:15,Mobile,0,True
381,6 months,unverified,40,0.1,0.15,3.2,3890,149.29.182.204,2024-02-17 00:46:31,Tablet,5,True
382,3 years,verified,71,0.59,0.26,3.9,3107,195.211.41.231,2024-04-19 13:32:43,Tablet,3,True
383,3 years,verified,5,0.23,0.45,4.9,9394,58.255.197.164,2024-04-06 23:41:03,Mobile,3,True
384,1 month,verified,52,0.41,0.25,2.6,3677,138.122.161.68,2024-04-10 09:59:37,PC,1,False
385,1 year,verified,24,0.85,0.23,2.6,8995,194.231.129.208,2024-05-14 14:50:08,PC,5,False
386,3 years,unverified,20,0.52,0.77,3.2,4633,168.11.126.46,2024-09-19 10:46:12,Mobile,1,True
387,3 years,unverified,80,0.49,0.72,4.6,7862,195.165.116.22,2024-03-20 04:01:51,Tablet,4,True
388,1 month,verified,95,0.42,0.46,3.6,6966,214.59.145.47,2024-05-04 01:02:52,Mobile,5,False
389,3 years,unverified,76,0.25,0.26,3.9,5708,177.107.24.72,2024-04-13 09:42:17,PC,2,False
390,1 month,verified,78,0.69,0.17,3.1,1195,140.174.154.56,2024-01-11 11:10:31,Tablet,3,True
391,1 year,verified,94,0.12,0.84,1.7,1298,207.129.205.119,2024-02-08 19:28:51,PC,4,True
392,3 years,unverified,37,0.14,0.14,1.9,8471,187.243.75.189,2024-03-31 23:52:48,Tablet,0,False
393,2 years,verified,87,0.32,0.96,4.9,5079,150.114.36.86,2024-02-18 01:13:01,Tablet,4,False
394,2 years,verified,78,0.7,0.96,2.8,1596,211.109.30.80,2024-04-22 05:06:38,Mobile,1,True
395,6 months,verified,10,0.67,0.12,4.0,9788,204.114.77.24,2024-07-08 11:00:06,PC,0,False
396,1 year,verified,9,0.15,0.2,1.8,1551,182.222.16.34,2024-08-05 08:29:09,Mobile,3,True
397,3 years,unverified,16,0.64,0.55,4.3,9127,29.247.176.18,2024-01-14 11:16:24,Mobile,4,False
398,6 months,unverified,51,0.68,0.77,3.9,4856,160.237.222.1,2024-06-08 17:37:11,Tablet,2,False
399,3 years,verified,44,0.85,0.35,4.7,7773,113.180.164.49,2024-04-02 10:52:58,Tablet,2,False
400,3 years,verified,98,0.48,0.56,3.7,7374,151.129.133.124,2024-08-16 09:40:52,Tablet,1,False
401,2 years,unverified,46,0.17,0.22,3.2,9821,138.176.153.161,2024-05-27 23:58:19,Tablet,1,False
402,1 year,unverified,48,0.26,0.7,3.3,1690,180.23.43.188,2024-01-19 02:43:55,Mobile,5,True
403,1 month,unverified,39,0.92,0.71,2.4,8163,159.130.226.52,2024-09-27 05:15:46,Mobile,1,True
404,6 months,verified,37,0.29,0.16,3.2,9422,5.6.67.21,2024-08-04 20:24:40,Mobile,0,True
405,1 month,unverified,74,0.99,0.29,3.5,9654,218.77.100.251,2024-01-18 03:42:32,PC,4,True
406,2 years,unverified,67,0.47,0.35,3.1,5259,77.24.37.177,2024-09-09 08:15:59,Tablet,1,True
407,1 year,verified,34,0.9,0.26,2.2,2761,201.74.248.203,2024-05-22 17:52:34,PC,0,False
408,1 year,unverified,99,0.73,0.88,2.9,7878,87.237.228.156,2024-05-10 23:06:59,Mobile,2,False
409,1 year,unverified,73,0.92,0.62,4.0,862,219.9.143.137,2024-05-27 07:29:39,PC,5,True
410,1 year,unverified,77,0.3,0.8,1.1,2063,181.194.128.208,2024-03-31 16:41:15,PC,2,True
411,6 months,verified,58,0.63,0.39,1.9,9306,94.8.66.39,2024-08-07 03:37:24,PC,4,False
412,2 years,unverified,79,0.29,0.17,1.1,5020,194.50.74.232,2024-07-21 02:19:26,Mobile,4,False
413,2 years,unverified,4,0.89,0.23,1.0,6071,65.180.203.133,2024-07-28 23:34:08,Mobile,0,True
414,6 months,verified,76,0.93,0.41,3.6,1762,141.187.127.107,2024-02-26 18:19:42,Mobile,1,False
415,2 years,unverified,20,0.71,0.88,2.6,4140,31.120.190.243,2024-06-14 10:16:46,Tablet,4,True
416,3 years,unverified,11,0.83,0.91,4.2,8392,221.55.48.57,2024-02-13 02:03:34,Mobile,5,False
417,3 years,unverified,57,0.34,0.86,3.8,3344,51.36.34.51,2024-04-05 19:51:43,PC,5,False
418,6 months,verified,54,0.37,0.14,1.2,3168,99.60.185.72,2024-09-12 14:43:14,Mobile,1,True
419,3 years,unverified,86,0.66,0.7,4.4,4437,74.232.202.129,2024-05-02 05:22:59,Mobile,4,True
420,6 months,unverified,76,0.21,1.0,2.9,8966,174.56.147.246,2024-07-01 10:57:35,Mobile,1,True
421,2 years,verified,60,0.42,0.76,2.6,200,90.199.208.108,2024-09-22 06:08:01,Tablet,0,False
422,1 year,verified,46,0.88,0.57,3.8,1140,29.206.41.203,2024-05-25 21:28:10,Tablet,1,True
423,2 years,verified,35,0.64,0.13,3.4,2129,35.255.18.157,2024-08-25 17:31:46,Mobile,1,False
424,1 month,verified,57,0.35,0.49,3.3,9542,195.216.75.254,2024-05-06 04:30:44,PC,5,True
425,6 months,unverified,84,0.33,0.91,3.0,4379,172.123.7.7,2024-07-17 10:51:47,Mobile,4,True
426,6 months,unverified,68,0.51,0.78,1.1,4359,47.152.93.86,2024-08-29 11:35:56,Mobile,4,True
427,3 years,unverified,69,0.46,0.31,2.3,7060,21.88.161.150,2024-09-15 13:19:08,PC,2,False
428,3 years,unverified,69,0.34,0.53,2.9,8921,166.92.139.124,2024-03-14 03:22:20,Mobile,5,False
429,1 year,verified,99,0.25,0.23,2.8,979,202.205.234.198,2024-04-28 21:45:57,Mobile,4,False
430,2 years,verified,25,0.78,0.78,3.3,5004,218.175.119.84,2024-02-29 13:58:26,Mobile,1,True
431,1 month,unverified,80,0.44,0.94,1.6,7003,173.94.6.11,2024-08-21 20:35:41,PC,4,True
432,6 months,unverified,86,0.96,0.62,3.9,614,126.117.41.106,2024-10-01 09:48:22,Mobile,5,True
433,2 years,verified,14,0.23,0.36,1.9,7697,132.167.60.81,2024-05-02 10:59:25,PC,5,False
434,1 month,unverified,88,0.8,0.27,2.6,2744,198.185.170.180,2024-02-22 06:19:27,Tablet,4,False
435,1 year,verified,46,0.78,0.65,3.2,6664,196.13.18.161,2024-03-23 19:57:01,PC,2,False
436,6 months,verified,66,0.52,0.62,2.0,6893,215.99.28.55,2024-05-31 01:06:00,PC,2,True
437,1 month,unverified,2,0.6,0.56,2.2,507,218.147.152.1,2024-05-11 23:07:07,PC,1,True
438,1 month,unverified,53,0.29,0.98,4.3,4150,27.232.83.218,2024-02-13 22:41:11,Tablet,0,True
439,1 year,unverified,23,0.7,0.71,2.1,2529,153.234.84.148,2024-01-07 09:06:31,Tablet,5,True
440,1 year,verified,89,0.67,0.44,4.9,9704,174.68.156.34,2024-03-10 10:04:27,Tablet,5,False
441,1 year,unverified,99,0.16,0.45,2.5,7242,146.85.143.194,2024-06-07 17:29:01,PC,5,True
442,2 years,verified,45,0.76,0.42,1.2,1460,182.31.214.80,2024-02-03 05:39:29,PC,0,False
443,3 years,unverified,22,0.51,0.66,2.2,1637,218.225.43.93,2024-01-23 02:40:47,PC,5,True
444,2 years,unverified,77,0.52,0.78,4.5,1110,12.74.34.225,2024-07-17 01:52:18,Tablet,1,True
445,1 year,verified,57,0.35,0.86,3.2,8957,195.194.61.135,2024-05-22 15:00:59,PC,5,False
446,1 year,verified,9,0.33,0.11,2.9,3793,148.142.22.82,2024-05-17 09:24:24,Tablet,5,True
447,1 year,verified,75,0.18,0.23,3.0,4489,144.0.113.66,2024-08-17 21:18:27,Mobile,1,True
448,2 years,unverified,23,0.11,0.38,3.6,3009,92.97.73.156,2024-04-28 05:38:36,PC,2,True
449,2 years,unverified,83,0.58,0.38,4.9,5770,153.155.163.207,2024-07-21 15:08:22,Tablet,0,True
450,1 year,verified,39,0.99,0.42,3.1,864,172.50.57.92,2024-03-17 07:49:02,Tablet,0,True
451,3 years,unverified,49,0.17,0.84,1.3,1423,5.200.182.74,2024-08-14 05:21:01,PC,5,False
452,1 month,unverified,90,0.85,0.55,3.2,6641,182.150.61.115,2024-02-09 09:24:40,Tablet,4,False
453,3 years,verified,17,0.27,0.59,4.0,1545,128.127.191.170,2024-09-19 01:45:27,Tablet,4,False
454,3 years,verified,45,0.24,0.58,3.6,2387,157.151.26.155,2024-05-12 03:02:26,Mobile,5,True
455,2 years,verified,89,0.79,0.81,1.4,291,198.228.30.39,2024-08-05 20:08:08,PC,0,True
456,1 year,unverified,45,0.38,0.63,3.1,2991,130.82.143.237,2024-02-12 06:26:58,Tablet,4,False
457,3 years,unverified,74,0.4,0.22,4.6,7468,198.159.232.13,2024-04-22 11:02:45,PC,0,True
458,3 years,unverified,81,0.54,0.11,3.9,9421,156.5.163.155,2024-09-01 01:08:20,Mobile,0,True
459,1 year,verified,78,0.1,0.65,1.4,2626,128.109.129.41,2024-05-31 22:38:15,Mobile,5,False
460,2 years,verified,83,0.3,0.77,4.1,3397,98.64.59.241,2024-07-12 23:36:23,Mobile,3,True
461,1 month,verified,44,0.22,0.31,1.0,5927,29.124.165.225,2024-07-21 03:32:07,Tablet,2,False
462,1 month,unverified,44,0.31,0.76,4.0,5235,27.176.222.193,2024-08-09 15:13:57,Mobile,4,False
463,1 year,unverified,49,0.75,0.63,3.4,1420,199.129.202.180,2024-02-10 04:26:44,PC,2,True
464,1 year,verified,94,0.4,0.56,3.8,188,203.0.153.109,2024-08-21 15:52:47,PC,5,False
465,1 year,unverified,62,0.7,0.83,2.6,8586,11.59.22.52,2024-05-29 22:14:28,Mobile,1,True
466,1 year,verified,50,0.39,0.9,4.5,4596,99.117.191.113,2024-05-26 22:15:08,Mobile,1,True
467,2 years,verified,26,0.23,0.47,3.0,8122,210.77.150.186,2024-05-18 07:06:04,Mobile,2,False
468,2 years,unverified,12,0.9,0.65,3.2,7286,41.165.81.252,2024-04-03 14:45:09,Mobile,2,True
469,6 months,verified,83,0.51,0.1,3.8,3046,199.130.180.207,2024-04-24 11:48:12,PC,3,False
470,2 years,verified,33,0.54,0.74,5.0,9188,41.104.180.87,2024-09-11 02:16:24,PC,0,False
471,2 years,verified,31,0.85,0.89,3.2,5111,101.193.247.182,2024-02-08 10:05:09,PC,0,True
472,1 year,verified,17,0.78,0.15,3.3,2473,144.1.52.248,2024-06-09 07:49:43,Mobile,2,True
473,6 months,verified,77,0.23,0.95,4.8,8978,18.111.242.139,2024-05-02 16:09:46,Mobile,5,True
474,1 month,unverified,59,0.98,0.72,2.3,7113,201.74.46.174,2024-05-11 22:21:15,Tablet,2,False
475,1 year,verified,65,0.86,0.93,1.7,1935,195.239.155.20,2024-09-26 23:43:44,Mobile,0,False
476,3 years,verified,82,0.87,0.75,4.2,3975,122.147.158.95,2024-10-02 18:24:26,Mobile,1,False
477,3 years,unverified,17,0.36,0.56,1.1,1360,18.86.168.127,2024-05-04 03:47:25,PC,2,False
478,2 years,unverified,86,0.2,0.87,1.9,7545,180.21.111.181,2024-05-03 21:13:14,Tablet,3,False
479,1 month,unverified,6,0.66,0.52,4.0,987,160.167.202.220,2024-08-29 07:39:03,Mobile,3,True
480,1 month,unverified,53,0.16,0.8,3.9,203,72.61.233.72,2024-06-06 17:33:41,Tablet,2,False
481,1 year,unverified,18,0.68,1.0,4.4,1754,221.63.114.220,2024-05-04 21:52:38,Tablet,2,True
482,3 years,verified,93,0.86,0.15,4.7,1645,223.26.22.134,2024-07-13 03:33:51,Tablet,1,False
483,1 month,unverified,7,0.32,0.33,4.4,567,170.253.23.84,2024-03-10 07:29:24,PC,0,True
484,2 years,unverified,88,0.78,0.48,2.7,4954,181.83.134.129,2024-08-10 14:41:17,Mobile,1,True
485,6 months,unverified,91,0.98,0.25,2.0,1319,202.35.213.132,2024-04-16 22:58:35,Tablet,2,False
486,1 year,unverified,1,0.38,0.94,3.7,7803,152.175.14.159,2024-05-29 04:24:21,PC,5,False
487,3 years,unverified,57,0.85,0.42,3.9,1674,180.77.15.247,2024-04-07 14:46:00,Tablet,0,False
488,3 years,unverified,96,0.76,0.85,4.4,6662,223.137.131.149,2024-01-10 04:53:05,Tablet,1,True
489,1 year,verified,2,0.46,0.48,2.2,7181,104.105.122.59,2024-01-30 10:23:56,Mobile,4,True
490,6 months,unverified,6,0.48,0.22,4.1,206,218.99.133.252,2024-07-04 10:57:29,Mobile,4,False
491,6 months,verified,5,0.54,0.46,3.6,6699,198.250.25.14,2024-09-22 03:08:00,Tablet,4,False
492,3 years,verified,69,0.94,0.18,3.9,4055,70.187.182.27,2024-07-08 21:12:50,Mobile,2,False
493,6 months,verified,99,0.97,0.45,3.8,1769,216.217.157.183,2024-03-19 04:55:41,PC,1,False
494,1 month,unverified,1,0.63,0.89,3.7,3768,125.35.183.217,2024-03-31 18:06:29,Mobile,3,False
495,6 months,verified,81,0.95,0.63,2.8,1592,184.202.90.42,2024-03-07 10:29:07,PC,0,False
496,1 year,unverified,9,0.15,0.89,4.6,9768,200.193.50.206,2024-05-08 07:44:53,Tablet,2,False
497,3 years,unverified,65,0.93,0.16,4.7,3061,182.225.133.132,2024-07-13 16:32:16,Tablet,4,True
498,1 year,verified,69,0.82,0.77,2.2,3881,211.28.11.102,2024-03-23 21:15:31,Mobile,1,True
499,1 year,unverified,53,0.56,0.58,4.5,1470,139.236.141.146,2024-10-05 08:34:58,Mobile,3,True
500,2 years,verified,72,0.44,0.85,4.9,561,194.52.15.99,2024-02-15 08:26:31,Tablet,3,False
501,2 years,unverified,74,0.76,0.42,3.8,1894,219.110.29.84,2024-01-17 15:09:55,PC,3,True
502,3 years,unverified,29,0.57,0.18,4.6,7092,50.70.152.236,2024-08-13 11:08:24,PC,2,True
503,3 years,verified,76,0.7,0.29,2.2,7424,91.23.243.80,2024-08-27 04:34:29,PC,4,True
504,6 months,verified,93,0.39,0.24,3.9,9020,218.71.66.173,2024-04-12 14:11:59,Tablet,5,True
505,3 years,verified,21,0.29,0.99,3.4,2943,223.157.20.12,2024-08-24 20:26:31,PC,0,True
506,6 months,unverified,83,0.81,0.96,2.2,507,68.180.8.232,2024-06-07 11:08:19,PC,3,False
507,2 years,verified,1,0.91,0.66,2.0,8442,49.136.4.234,2024-03-03 01:10:38,Tablet,2,False
508,3 years,unverified,24,0.34,0.93,1.3,8624,222.185.30.211,2024-06-26 08:05:46,Tablet,1,False
509,2 years,verified,93,0.52,0.97,3.3,5411,52.3.16.1,2024-08-24 05:26:48,Tablet,3,False
510,2 years,unverified,34,0.97,0.69,4.6,3457,215.62.72.63,2024-10-04 08:02:08,Tablet,3,True
511,1 year,unverified,69,0.45,0.54,1.9,1508,196.161.82.252,2024-03-27 14:46:51,Tablet,4,False
512,3 years,unverified,39,0.16,0.78,4.9,3664,221.4.40.208,2024-06-21 07:57:31,Tablet,0,False
513,1 year,verified,9,0.27,0.59,1.5,4422,178.63.73.123,2024-05-08 23:27:07,Mobile,5,True
514,2 years,unverified,62,0.94,0.67,4.5,699,204.154.15.189,2024-04-20 17:05:08,Mobile,0,False
515,1 year,unverified,26,0.76,0.58,2.7,6292,155.25.248.248,2024-03-01 02:17:11,PC,5,False
516,6 months,unverified,60,0.79,0.23,1.4,2174,56.0.240.59,2024-06-26 13:50:19,Tablet,2,False
517,3 years,verified,48,0.66,0.24,2.2,9592,195.97.118.185,2024-04-26 10:22:37,Tablet,4,False
518,2 years,verified,24,0.69,0.21,1.0,865,202.150.39.255,2024-09-21 01:06:55,PC,5,True
519,1 year,unverified,89,0.42,0.64,4.9,9512,196.246.208.179,2024-04-07 13:55:34,Mobile,3,True
520,3 years,verified,16,0.54,0.26,3.3,389,147.104.11.0,2024-08-16 21:27:26,PC,2,False
521,1 month,unverified,14,0.82,0.2,3.4,4375,102.17.168.154,2024-01-16 07:21:54,PC,4,False
522,3 years,verified,91,0.43,0.87,5.0,4806,182.63.99.194,2024-07-01 13:38:22,Mobile,4,True
523,2 years,verified,45,0.6,0.45,2.1,1652,120.104.166.26,2024-05-09 18:12:11,Mobile,2,True
524,1 year,unverified,19,0.19,0.76,2.9,8470,217.142.242.71,2024-03-19 20:29:31,Tablet,1,True
525,6 months,verified,22,0.91,0.14,2.3,3773,175.202.254.46,2024-04-18 10:59:52,Mobile,3,True
526,3 years,verified,71,0.34,0.14,1.6,9492,156.254.19.234,2024-07-10 13:23:17,PC,2,False
527,1 month,verified,76,0.3,0.34,1.6,3545,144.146.234.206,2024-01-10 21:20:25,Mobile,4,True
528,1 year,verified,86,0.25,0.5,1.4,4816,186.97.39.230,2024-06-04 01:45:13,Mobile,3,False
529,3 years,unverified,15,0.24,0.63,3.7,7671,27.102.217.189,2024-08-21 16:08:19,PC,4,True
530,6 months,verified,65,0.57,0.62,3.4,7358,181.235.70.21,2024-01-19 23:04:30,PC,0,True
531,1 month,verified,8,0.22,0.21,4.2,9503,89.180.176.150,2024-02-02 13:22:08,Tablet,3,True
532,6 months,verified,53,0.76,0.2,4.8,8298,222.118.139.45,2024-05-02 12:27:28,PC,4,False
533,1 month,verified,97,0.24,0.79,2.7,2915,207.112.101.8,2024-04-11 05:37:34,Tablet,3,False
534,1 year,unverified,20,0.99,0.42,4.6,5981,207.15.220.13,2024-04-06 14:54:08,Mobile,0,True
535,1 year,verified,66,0.8,0.99,1.5,6620,221.98.87.130,2024-10-01 09:44:32,Tablet,0,True
536,2 years,verified,6,0.62,0.44,2.0,6354,60.95.10.233,2024-03-25 05:56:32,Mobile,4,False
537,6 months,unverified,54,0.26,0.75,3.3,2176,61.119.12.37,2024-03-23 03:06:28,Mobile,3,False
538,1 month,verified,2,0.38,0.16,3.7,9037,4.46.120.150,2024-05-16 12:16:43,PC,3,False
539,2 years,unverified,92,0.44,0.99,4.9,9700,183.208.174.160,2024-05-30 18:02:35,PC,5,False
540,2 years,verified,60,0.94,0.82,4.6,3114,195.217.188.237,2024-02-07 15:22:08,PC,4,False
541,2 years,unverified,37,0.74,0.48,2.2,718,140.192.176.246,2024-02-23 02:50:15,Tablet,1,False
542,1 year,unverified,45,0.7,0.6,2.7,8605,207.160.27.227,2024-09-09 03:00:46,PC,2,False
543,1 year,unverified,28,0.89,0.25,4.1,5254,219.239.223.237,2024-02-14 17:25:41,PC,1,True
544,1 month,verified,9,0.19,0.39,2.4,2882,163.7.35.23,2024-04-08 06:33:51,Mobile,3,False
545,6 months,verified,44,0.35,0.54,4.9,3676,155.120.221.213,2024-01-22 01:32:07,Tablet,1,False
546,3 years,unverified,74,0.65,0.76,1.1,9340,180.134.142.173,2024-07-26 17:05:11,PC,0,True
547,3 years,unverified,59,0.54,0.19,2.8,7382,85.63.245.61,2024-04-02 20:59:41,Tablet,1,True
548,2 years,unverified,53,0.64,0.87,1.1,9495,215.227.58.221,2024-01-15 14:16:55,Mobile,4,False
549,2 years,unverified,39,0.25,0.11,1.5,4462,44.19.164.220,2024-09-11 11:46:57,PC,1,False
550,2 years,unverified,81,0.72,0.33,4.6,3244,56.34.20.88,2024-02-23 15:35:09,Mobile,1,True
551,6 months,verified,94,0.23,0.77,3.4,660,166.42.199.191,2024-02-21 23:44:26,PC,0,False
552,1 month,unverified,5,0.73,0.46,2.0,2410,214.182.144.3,2024-03-25 15:30:45,Mobile,0,False
553,1 year,verified,49,0.17,0.27,2.2,1573,90.88.195.165,2024-09-18 17:51:37,Mobile,3,True
554,1 month,verified,10,0.29,0.93,3.0,3679,202.117.145.182,2024-06-16 06:25:55,Tablet,5,False
555,1 year,unverified,22,0.42,0.77,3.8,5184,163.12.79.134,2024-08-06 03:38:09,Tablet,2,True
556,2 years,unverified,54,0.31,0.71,3.4,2898,218.21.27.253,2024-06-28 03:55:22,PC,2,True
557,1 month,verified,67,0.42,0.32,3.3,7673,177.192.13.45,2024-09-08 11:54:01,Tablet,2,False
558,3 years,verified,11,0.61,0.49,3.1,8925,168.71.173.64,2024-03-26 22:24:24,PC,4,False
559,2 years,unverified,75,0.85,0.46,1.2,1603,217.14.226.215,2024-09-07 08:03:35,Tablet,4,True
560,2 years,unverified,35,0.39,0.12,1.6,5476,70.150.245.179,2024-04-13 20:51:05,Mobile,3,True
561,1 month,verified,46,0.72,0.31,1.6,7013,188.79.189.239,2024-03-08 01:03:48,Tablet,0,True
562,1 year,verified,6,0.72,0.18,4.8,3902,47.71.154.25,2024-08-06 03:47:49,PC,2,True
563,3 years,verified,52,0.81,0.98,3.1,1713,113.248.78.146,2024-09-29 11:51:02,PC,2,False
564,1 month,verified,99,0.92,0.89,2.6,4323,121.39.5.42,2024-05-10 23:13:34,Tablet,5,False
565,1 year,verified,73,0.26,0.46,1.8,5000,106.110.29.196,2024-03-30 01:16:07,Mobile,5,True
566,3 years,unverified,25,0.23,0.49,1.4,1290,208.27.205.204,2024-06-29 04:54:19,Tablet,0,False
567,1 month,unverified,16,0.51,0.5,2.8,6608,184.84.185.103,2024-09-07 13:25:27,PC,1,True
568,3 years,verified,6,0.68,0.63,2.0,6905,123.71.198.47,2024-02-09 22:27:40,Mobile,4,True
569,1 year,verified,83,0.17,0.86,2.3,3581,65.228.67.178,2024-06-07 03:29:58,Mobile,4,True
570,1 year,verified,3,0.99,0.48,1.5,2513,152.20.62.116,2024-04-30 10:44:53,PC,5,False
571,3 years,unverified,53,0.57,0.3,3.5,6532,174.149.37.80,2024-03-09 04:25:14,PC,4,False
572,2 years,verified,49,0.49,0.25,4.1,4282,196.227.126.160,2024-01-14 06:57:05,Tablet,5,False
573,1 year,unverified,98,0.65,0.54,3.8,9857,177.27.178.45,2024-04-09 13:30:03,PC,1,False
574,3 years,unverified,96,0.77,0.35,2.5,6016,128.173.216.210,2024-04-13 12:15:08,Tablet,2,True
575,1 month,verified,33,0.8,0.63,4.0,2161,83.94.253.132,2024-04-12 21:39:38,Tablet,4,True
576,2 years,verified,81,0.8,0.11,1.8,9757,138.94.249.195,2024-06-28 23:58:05,Tablet,5,True
577,6 months,unverified,60,0.4,0.54,3.7,2275,106.196.98.83,2024-05-23 06:10:08,PC,0,True
578,1 year,unverified,28,0.49,0.49,1.2,3928,124.115.133.179,2024-04-03 10:07:21,Tablet,4,True
579,1 year,unverified,87,0.49,0.76,1.2,4918,171.93.179.153,2024-06-12 17:11:28,Mobile,3,True
580,2 years,unverified,14,0.93,0.59,2.8,9585,1.34.163.167,2024-08-15 12:07:22,PC,1,False
581,3 years,unverified,21,0.87,0.74,2.6,2962,221.184.237.104,2024-09-21 16:14:23,Tablet,4,False
582,1 month,verified,60,0.46,0.55,1.1,1020,194.67.59.43,2024-09-15 05:28:40,Mobile,0,False
583,1 month,unverified,72,0.28,0.58,1.8,1571,145.101.166.138,2024-04-23 06:48:59,Tablet,4,True
584,2 years,verified,7,0.46,0.35,4.6,5151,215.173.71.213,2024-08-04 18:25:50,Tablet,1,False
585,2 years,unverified,19,0.99,0.14,3.8,4020,198.183.29.110,2024-05-02 23:02:10,PC,2,False
586,1 year,verified,37,0.49,0.4,4.0,2446,160.185.173.34,2024-02-18 09:48:25,PC,1,True
587,2 years,unverified,35,0.97,0.61,4.2,4932,126.63.38.234,2024-08-03 06:40:29,PC,1,False
588,1 year,verified,82,0.58,0.42,2.3,5296,200.155.132.163,2024-07-05 01:23:14,PC,3,False
589,1 month,verified,8,0.56,0.86,1.5,3997,154.184.129.246,2024-09-18 13:19:59,PC,1,True
590,3 years,unverified,69,0.95,0.22,1.1,7125,202.94.129.241,2024-04-17 12:49:49,PC,2,True
591,1 year,verified,7,0.12,0.35,4.3,9588,51.246.75.75,2024-04-26 09:50:03,Mobile,5,False
592,1 year,verified,80,0.21,0.24,2.9,5783,218.247.218.93,2024-05-02 17:30:15,Tablet,0,True
593,2 years,unverified,16,0.36,0.96,3.8,1685,187.16.143.36,2024-09-26 05:42:16,PC,3,True
594,3 years,verified,36,0.1,0.7,4.2,7045,155.171.248.181,2024-08-31 23:49:44,Tablet,4,False
595,2 years,verified,69,0.31,0.39,3.8,3992,56.249.153.189,2024-04-11 13:34:36,PC,0,False
596,1 year,verified,72,0.15,0.29,2.5,7952,115.83.207.107,2024-04-08 06:51:05,Tablet,2,False
597,1 year,verified,9,0.33,0.11,4.2,3804,214.112.206.37,2024-02-10 02:28:27,Tablet,2,False
598,2 years,verified,18,0.64,0.72,2.6,5112,54.92.8.150,2024-06-24 08:30:56,Mobile,1,False
599,3 years,verified,93,0.89,0.23,1.6,5407,218.233.89.45,2024-03-04 17:34:35,Mobile,1,False
600,1 year,verified,41,0.7,0.77,1.3,1903,160.41.174.229,2024-05-25 03:57:47,Mobile,4,True
601,1 month,verified,86,0.52,0.42,2.6,7067,190.163.77.93,2024-03-16 16:24:21,PC,5,True
602,1 month,verified,51,0.88,0.56,4.7,4993,173.235.74.4,2024-04-09 01:54:32,PC,1,True
603,6 months,verified,81,0.73,0.22,1.9,7047,143.156.60.22,2024-02-24 12:58:36,PC,1,True
604,3 years,unverified,32,0.82,0.91,2.5,5382,2.49.89.218,2024-04-08 15:06:07,PC,0,True
605,2 years,unverified,39,0.34,0.35,4.5,7643,222.153.252.250,2024-02-10 05:17:16,PC,4,True
606,1 year,unverified,13,0.94,0.23,2.1,1138,129.209.37.199,2024-01-30 06:31:42,Mobile,4,True
607,1 year,verified,25,0.75,0.31,3.4,6841,23.48.181.135,2024-07-25 17:54:05,Mobile,0,False
608,6 months,verified,4,0.75,0.84,2.1,238,212.48.10.18,2024-03-27 13:29:57,Tablet,0,False
609,1 year,unverified,48,0.28,0.91,3.7,2224,210.133.110.110,2024-05-15 13:04:27,Tablet,3,True
610,3 years,verified,32,0.26,0.66,1.1,843,150.218.211.38,2024-07-13 00:01:03,Tablet,2,False
611,1 month,verified,89,0.2,0.49,4.5,8207,57.252.49.192,2024-01-03 19:33:06,Mobile,4,False
612,1 month,verified,81,0.97,0.36,1.1,6811,221.144.70.124,2024-02-13 07:48:26,Tablet,1,False
613,3 years,verified,61,0.47,0.67,4.5,7706,198.10.63.205,2024-09-10 03:03:52,PC,5,True
614,6 months,verified,66,0.19,0.82,2.6,8810,217.43.114.173,2024-09-20 20:50:02,PC,0,True
615,3 years,verified,97,0.95,0.77,3.6,735,166.45.73.38,2024-04-13 11:47:15,Mobile,3,False
616,6 months,unverified,100,0.36,0.36,2.3,4045,203.164.225.173,2024-04-13 02:06:50,Mobile,4,False
617,2 years,verified,98,0.9,0.39,2.5,959,211.71.232.31,2024-07-29 13:26:40,Tablet,4,False
618,2 years,verified,80,0.72,0.99,1.8,5372,142.97.52.185,2024-03-06 04:21:55,PC,1,False
619,1 month,unverified,57,0.15,0.28,1.2,4205,61.11.220.147,2024-09-05 04:57:33,Mobile,4,True
620,3 years,verified,28,0.71,0.25,3.3,7783,107.222.58.219,2024-06-27 08:37:33,Tablet,2,True
621,1 year,unverified,19,0.78,0.71,3.6,2629,51.121.19.169,2024-02-14 04:44:04,PC,3,False
622,6 months,unverified,25,0.49,0.12,3.0,2205,58.173.138.122,2024-07-08 11:35:13,PC,3,True
623,1 year,unverified,11,0.87,0.39,4.4,9536,34.47.31.165,2024-03-11 17:21:31,PC,3,True
624,6 months,verified,87,0.49,0.79,1.6,6804,175.59.22.99,2024-01-03 05:25:46,PC,5,False
625,2 years,unverified,62,0.31,0.24,3.8,3311,205.148.147.195,2024-08-06 06:47:14,Tablet,0,True
626,2 years,verified,64,0.51,0.75,1.0,9255,193.225.197.72,2024-07-15 16:01:54,Tablet,5,True
627,6 months,unverified,55,0.18,0.98,2.7,7000,54.217.200.31,2024-06-04 16:29:48,Tablet,1,False
628,1 month,verified,92,0.71,0.55,2.9,7984,191.1.92.7,2024-01-20 19:02:29,Tablet,5,False
629,1 month,unverified,59,0.11,0.73,3.3,6495,44.84.225.54,2024-02-24 01:24:17,Mobile,4,False
630,1 year,verified,69,0.96,0.94,1.6,2774,152.47.66.222,2024-07-31 08:52:02,Mobile,4,False
631,1 year,verified,16,0.2,0.5,2.1,3451,218.83.20.193,2024-02-09 14:55:29,Mobile,2,False
632,1 month,unverified,79,0.36,0.49,1.6,3058,209.72.14.216,2024-05-14 04:54:43,PC,0,False
633,6 months,unverified,8,0.5,0.36,3.7,5025,198.73.251.233,2024-02-25 13:15:06,Tablet,4,False
634,1 year,verified,8,0.67,0.41,4.8,1079,154.104.243.78,2024-07-25 10:49:23,PC,0,True
635,1 year,unverified,59,0.29,0.65,2.0,6888,30.191.95.248,2024-01-26 23:04:28,Tablet,0,True
636,1 year,unverified,56,0.55,0.86,1.1,9350,24.214.230.146,2024-04-12 04:18:01,PC,3,True
637,1 year,verified,3,0.2,0.14,4.1,3096,149.93.130.30,2024-04-22 04:15:52,PC,3,True
638,1 year,unverified,95,0.11,0.72,3.1,2467,12.217.248.16,2024-09-06 17:36:22,PC,1,False
639,3 years,unverified,70,0.2,0.47,1.3,1053,132.126.234.140,2024-06-14 14:16:52,Mobile,5,True
640,6 months,verified,34,0.87,0.25,1.6,5861,30.24.138.205,2024-08-14 22:47:26,Mobile,3,True
641,1 month,verified,9,0.38,0.91,3.9,2550,177.137.133.39,2024-07-31 23:50:28,Tablet,1,True
642,2 years,verified,57,0.4,0.66,1.7,9841,219.20.29.83,2024-04-12 22:00:52,Mobile,1,False
643,3 years,unverified,31,0.79,0.68,3.5,598,171.127.145.235,2024-02-13 17:56:53,Mobile,1,True
644,6 months,verified,21,0.99,0.14,3.8,9129,52.170.212.167,2024-04-08 19:15:22,Tablet,2,True
645,1 year,unverified,69,0.22,0.24,2.3,6871,113.16.158.169,2024-08-27 06:52:39,Mobile,2,True
646,1 month,verified,22,0.73,0.22,4.8,5846,55.216.119.30,2024-08-30 06:04:15,PC,2,False
647,1 month,unverified,56,0.99,0.32,4.3,3611,180.3.186.15,2024-05-20 01:40:31,PC,3,True
648,3 years,unverified,63,0.7,0.73,1.1,8686,27.50.117.252,2024-03-06 09:09:53,Mobile,2,True
649,3 years,verified,77,0.61,0.52,3.0,5259,211.145.114.117,2024-02-24 08:24:08,Tablet,0,True
650,6 months,verified,10,0.45,0.48,3.7,9095,199.3.123.75,2024-07-21 07:55:05,Mobile,2,True
651,2 years,unverified,45,0.36,0.14,1.6,5636,27.124.182.143,2024-07-14 19:53:15,Mobile,0,False
652,6 months,verified,18,0.32,0.76,1.2,1826,194.54.76.12,2024-01-07 16:53:21,PC,2,True
653,1 year,verified,29,0.18,0.96,2.5,6984,88.27.13.26,2024-09-14 15:27:21,Mobile,5,True
654,3 years,unverified,8,0.61,0.84,4.6,8340,166.255.134.135,2024-07-17 05:08:42,Tablet,1,True
655,3 years,verified,16,0.39,0.75,2.7,555,187.9.75.113,2024-05-20 11:39:19,Tablet,5,False
656,6 months,verified,32,0.12,0.34,1.2,9091,191.58.252.110,2024-03-15 06:38:47,Mobile,0,True
657,3 years,unverified,28,0.89,0.49,2.3,7150,220.164.44.36,2024-09-01 15:17:27,PC,3,True
658,3 years,unverified,62,0.6,0.79,4.9,6975,211.94.253.0,2024-07-22 20:47:17,Tablet,1,False
659,6 months,verified,7,0.82,0.86,4.0,7269,174.164.216.37,2024-03-13 12:57:23,Mobile,1,False
660,6 months,unverified,91,0.84,0.76,1.9,379,147.170.45.243,2024-02-03 04:17:32,PC,5,True
661,1 year,verified,32,0.29,0.13,4.9,9616,114.240.251.84,2024-03-05 02:31:45,PC,5,True
662,1 year,unverified,92,0.79,0.69,3.4,4155,39.94.44.196,2024-02-28 22:27:50,PC,2,True
663,3 years,verified,50,0.12,0.23,4.0,4236,166.227.152.7,2024-07-02 04:45:24,Tablet,0,False
664,3 years,unverified,48,0.28,0.32,2.9,4660,158.85.8.1,2024-03-16 14:29:14,Mobile,3,False
665,1 month,unverified,21,0.28,0.37,3.1,8465,193.134.248.189,2024-04-11 04:30:14,Tablet,4,True
666,1 year,verified,37,0.31,0.16,3.4,3132,7.188.77.237,2024-08-08 02:58:55,Mobile,0,False
667,1 year,unverified,11,0.46,0.26,3.9,6772,29.247.24.74,2024-04-21 09:37:28,Mobile,4,False
668,2 years,verified,46,0.48,0.38,2.4,2583,136.196.210.252,2024-09-18 04:10:59,Tablet,5,True
669,1 month,verified,18,0.41,0.65,2.9,3406,104.159.152.169,2024-08-13 21:19:06,Mobile,3,True
670,3 years,verified,25,0.69,0.21,1.1,200,22.120.153.185,2024-06-21 05:14:59,Mobile,4,False
671,1 year,verified,17,0.3,0.8,1.3,483,201.43.168.189,2024-03-29 22:54:01,Tablet,2,False
672,3 years,verified,78,0.3,0.17,3.3,6320,122.211.188.217,2024-04-17 08:11:23,Mobile,2,False
673,3 years,unverified,92,0.3,0.46,2.4,5893,117.133.51.129,2024-07-14 16:11:56,Tablet,5,False
674,6 months,unverified,57,0.98,0.94,3.8,1851,113.106.237.224,2024-09-28 15:14:16,Tablet,3,True
675,3 years,verified,78,0.76,0.75,3.9,6616,36.129.51.178,2024-07-11 00:00:25,Mobile,5,True
676,1 year,verified,76,0.68,0.78,3.9,9196,207.216.187.109,2024-02-10 05:41:10,PC,2,True
677,6 months,verified,51,0.33,0.51,1.7,9512,196.90.191.38,2024-08-20 04:49:39,Tablet,1,False
678,1 month,verified,28,0.33,0.55,1.7,7654,174.35.170.162,2024-01-13 05:51:05,PC,5,True
679,6 months,unverified,19,0.56,0.18,2.8,4459,204.75.10.172,2024-08-14 07:41:02,Tablet,4,True
680,3 years,unverified,22,0.22,0.64,3.7,3732,81.103.110.23,2024-02-03 04:53:34,Mobile,3,False
681,2 years,unverified,55,0.25,0.64,4.3,1266,41.215.69.44,2024-04-13 13:25:23,PC,4,False
682,1 month,unverified,94,0.33,0.42,4.2,985,91.232.252.232,2024-03-31 03:20:06,Mobile,4,False
683,3 years,unverified,28,0.92,0.9,4.1,8253,199.45.22.244,2024-07-20 21:52:14,PC,0,False
684,3 years,verified,12,0.36,0.87,3.3,3085,223.195.178.114,2024-08-10 23:38:05,PC,4,True
685,2 years,unverified,54,0.59,0.34,2.7,4407,144.112.226.103,2024-08-29 23:02:18,PC,3,False
686,6 months,verified,39,0.21,0.88,2.5,4295,212.78.6.64,2024-04-19 07:06:18,Tablet,1,True
687,6 months,verified,13,0.76,0.12,1.9,7397,152.221.183.32,2024-01-19 09:30:31,PC,5,True
688,1 month,verified,75,0.42,0.53,4.2,4196,135.35.242.39,2024-09-20 18:51:04,Mobile,0,True
689,6 months,verified,68,0.59,1.0,3.6,5429,125.210.60.40,2024-01-03 04:39:03,PC,2,False
690,2 years,verified,97,0.51,0.9,1.5,2784,200.65.42.234,2024-09-29 06:19:40,Tablet,0,False
691,6 months,unverified,40,0.27,0.76,1.6,8866,212.54.195.209,2024-05-06 06:08:49,PC,1,False
692,3 years,verified,57,0.32,0.23,2.3,4099,8.39.247.15,2024-03-09 06:01:20,Tablet,5,True
693,6 months,unverified,10,0.69,0.55,2.6,9794,210.31.61.56,2024-01-29 07:47:50,Tablet,5,False
694,3 years,unverified,8,0.45,0.14,1.9,5416,167.212.204.251,2024-07-22 03:23:45,PC,0,True
695,1 month,unverified,84,0.35,0.21,1.9,5107,83.147.43.223,2024-07-04 00:36:08,Mobile,3,True
696,2 years,verified,33,0.37,0.78,3.7,331,217.173.178.179,2024-06-05 02:09:36,PC,2,False
697,1 month,verified,3,0.39,0.93,3.8,9660,131.238.42.124,2024-02-12 18:26:22,PC,5,False
698,3 years,verified,43,0.73,0.62,2.0,1516,202.30.110.34,2024-09-18 13:15:42,Mobile,3,True
699,3 years,unverified,59,0.12,0.51,4.3,7731,114.104.48.146,2024-03-24 03:34:24,Mobile,3,True
700,3 years,unverified,23,0.61,0.64,4.9,8651,207.126.234.143,2024-05-11 09:26:51,Tablet,5,False
701,2 years,verified,36,0.54,0.4,3.4,5482,34.250.74.162,2024-02-03 04:33:36,PC,1,False
702,1 year,verified,4,0.56,0.33,4.4,3723,66.208.226.231,2024-04-25 22:55:30,Tablet,2,False
703,2 years,unverified,97,0.11,0.56,3.4,132,6.158.164.64,2024-01-12 07:26:22,PC,1,False
704,3 years,unverified,40,0.94,0.85,3.0,4412,123.111.44.176,2024-02-07 04:40:40,PC,0,True
705,1 month,unverified,2,0.81,0.6,3.9,770,144.179.202.200,2024-08-01 13:08:18,Mobile,4,False
706,3 years,unverified,58,0.96,0.84,3.0,7916,150.19.56.180,2024-02-07 15:11:04,Mobile,3,True
707,1 month,unverified,25,0.49,0.61,1.1,7278,133.23.145.214,2024-09-20 01:12:00,PC,4,True
708,6 months,unverified,19,0.19,0.24,3.9,4441,32.198.67.30,2024-08-28 00:40:03,PC,4,False
709,2 years,verified,32,0.4,0.92,2.5,1778,207.28.50.244,2024-02-13 18:16:10,Tablet,3,True
710,1 month,unverified,70,0.3,0.38,4.7,2232,209.57.224.131,2024-01-02 10:52:44,Tablet,5,True
711,3 years,unverified,59,0.24,0.33,3.6,9345,214.156.45.174,2024-03-15 04:23:32,Mobile,3,True
712,6 months,unverified,38,0.5,0.92,1.1,4840,165.140.145.145,2024-09-22 12:35:02,Tablet,4,True
713,1 year,verified,43,0.16,0.39,2.2,6718,72.34.66.148,2024-03-26 01:58:30,PC,2,False
714,1 month,unverified,67,0.59,0.98,1.1,5582,201.250.226.23,2024-03-27 09:57:57,Tablet,0,False
715,1 year,verified,65,0.9,0.37,3.6,3201,149.205.213.111,2024-04-25 12:50:34,Mobile,3,False
716,2 years,unverified,82,0.82,0.82,3.1,9511,178.54.252.49,2024-09-27 02:30:36,Tablet,3,False
717,1 year,verified,29,0.67,0.3,3.2,7681,33.167.148.163,2024-05-21 19:56:15,PC,4,False
718,1 month,unverified,56,0.61,0.48,3.2,6580,201.115.189.231,2024-07-30 07:15:13,Mobile,5,True
719,1 month,verified,40,0.33,0.54,4.1,5251,182.205.161.66,2024-07-03 14:20:50,Tablet,3,False
720,2 years,unverified,91,0.54,0.73,2.5,1993,102.82.148.62,2024-04-24 16:10:33,Mobile,0,False
721,3 years,unverified,32,0.74,0.45,2.5,8581,154.255.29.148,2024-10-04 02:58:23,Mobile,1,False
722,6 months,unverified,94,0.4,0.51,4.5,1645,223.131.157.221,2024-02-10 13:52:11,Mobile,5,False
723,6 months,unverified,15,0.93,0.71,2.9,2013,101.182.11.109,2024-05-27 12:13:44,Tablet,5,True
724,6 months,unverified,75,0.47,0.83,1.3,4878,187.160.165.157,2024-04-07 01:07:09,Tablet,4,True
725,2 years,unverified,41,0.58,0.37,4.3,6780,220.195.37.199,2024-05-25 01:30:09,Mobile,2,False
726,3 years,unverified,97,0.8,0.82,4.9,9965,91.129.0.114,2024-06-20 08:01:09,PC,2,True
727,6 months,verified,17,0.2,0.72,3.7,6244,133.214.158.244,2024-09-03 02:33:02,Mobile,0,True
728,6 months,verified,18,0.76,0.4,1.7,3181,222.189.245.94,2024-03-27 00:10:51,Mobile,5,False
729,6 months,unverified,19,0.38,0.67,4.0,8260,197.221.20.131,2024-04-17 17:28:13,Mobile,1,True
730,1 year,unverified,16,0.68,0.25,3.9,5871,66.150.148.222,2024-07-14 03:28:01,Tablet,1,False
731,3 years,unverified,29,0.39,0.36,2.8,3342,17.217.68.225,2024-01-29 02:45:03,Tablet,2,False
732,6 months,verified,49,0.39,0.63,1.2,8579,155.91.33.47,2024-01-06 22:16:01,PC,3,False
733,2 years,verified,57,0.49,0.42,4.0,9342,110.30.9.20,2024-05-07 01:54:22,PC,3,True
734,2 years,verified,65,0.29,0.18,1.2,3146,215.220.104.132,2024-04-07 07:58:16,Mobile,5,True
735,3 years,unverified,1,0.93,0.15,1.6,9271,193.21.186.116,2024-02-13 05:43:27,Tablet,2,False
736,1 year,unverified,35,0.55,0.35,1.1,235,149.38.27.127,2024-04-22 16:27:28,Tablet,0,True
737,2 years,unverified,6,0.2,0.42,1.8,4319,205.181.206.4,2024-01-07 22:49:22,PC,5,False
738,1 year,verified,57,0.98,0.43,4.5,2910,185.220.20.179,2024-03-16 00:23:39,PC,0,True
739,3 years,unverified,34,0.81,0.74,3.6,6629,213.19.198.170,2024-06-15 23:04:05,PC,0,False
740,1 month,unverified,91,0.22,0.72,3.5,1934,159.63.0.96,2024-06-02 18:55:45,PC,2,False
741,2 years,unverified,40,0.23,0.72,3.1,8823,41.6.4.108,2024-01-14 21:43:11,Tablet,1,False
742,1 year,verified,98,0.73,0.41,2.5,3267,220.93.211.183,2024-09-28 00:20:40,Mobile,5,False
743,1 year,unverified,53,0.63,0.13,3.0,3381,220.239.8.154,2024-09-24 02:28:49,Mobile,0,False
744,6 months,unverified,51,0.15,0.95,4.7,513,15.133.199.119,2024-06-07 06:12:51,PC,1,False
745,1 month,unverified,93,0.44,0.76,4.8,8020,146.209.130.168,2024-02-26 00:13:49,Mobile,5,False
746,3 years,verified,75,0.54,0.98,2.8,9003,176.90.25.94,2024-06-18 14:02:48,Mobile,0,True
747,3 years,verified,10,0.24,0.86,2.7,210,200.12.43.190,2024-03-04 20:28:02,Mobile,4,False
748,1 year,unverified,25,0.12,0.87,4.6,8230,203.88.236.15,2024-09-20 15:32:12,PC,0,True
749,6 months,verified,5,0.77,0.62,2.9,1006,196.135.61.40,2024-05-18 12:19:18,Tablet,0,True
750,2 years,verified,47,0.57,0.21,1.3,2574,199.208.114.192,2024-04-02 10:27:24,PC,1,False
751,1 year,unverified,11,0.78,0.41,1.8,7822,202.238.175.215,2024-05-08 17:21:56,Tablet,5,False
752,1 year,unverified,10,0.17,0.53,1.8,8067,208.98.176.69,2024-01-02 19:22:05,Tablet,1,False
753,6 months,unverified,64,0.72,0.91,3.2,7576,16.69.0.159,2024-05-14 15:26:23,Mobile,2,False
754,3 years,unverified,23,0.47,0.8,2.5,8890,70.194.137.3,2024-07-26 20:12:38,Tablet,3,True
755,2 years,unverified,84,0.8,0.3,3.2,1851,93.106.42.34,2024-09-25 08:49:55,Tablet,5,False
756,6 months,verified,96,0.98,0.66,4.5,4810,198.47.57.253,2024-09-05 23:33:40,PC,4,True
757,1 year,verified,50,0.77,0.14,1.4,1936,96.170.32.35,2024-04-22 21:27:42,PC,3,True
758,3 years,unverified,94,0.68,0.92,4.5,5883,35.83.118.73,2024-08-09 12:07:05,Mobile,1,False
759,6 months,verified,30,0.71,0.59,3.1,4724,28.203.114.99,2024-07-18 22:40:30,PC,1,False
760,1 year,unverified,56,0.51,0.71,4.5,8554,204.22.207.112,2024-06-08 08:35:36,Mobile,5,True
761,3 years,unverified,9,0.94,0.92,3.0,5418,141.242.186.146,2024-07-14 22:47:18,Tablet,4,True
762,1 year,unverified,34,0.88,0.55,1.7,1729,169.122.41.54,2024-08-09 20:54:52,PC,3,False
763,2 years,unverified,1,0.64,0.2,4.6,3797,38.182.73.188,2024-06-27 11:35:06,PC,3,True
764,1 year,verified,87,0.35,0.35,3.7,4653,217.183.26.204,2024-01-11 17:46:01,Mobile,1,True
765,2 years,verified,13,0.2,0.18,1.6,6192,216.126.98.3,2024-03-27 00:24:09,PC,0,False
766,2 years,verified,56,0.2,0.51,2.6,4548,96.118.85.114,2024-02-04 07:19:59,Tablet,5,False
767,6 months,unverified,98,0.19,0.64,4.6,7476,36.37.236.154,2024-07-10 19:50:58,Tablet,2,False
768,3 years,verified,74,0.12,0.37,3.5,8769,210.252.213.147,2024-08-09 00:21:17,Tablet,0,True
769,3 years,unverified,28,0.34,0.34,4.0,1366,130.13.98.130,2024-09-25 10:13:20,Tablet,0,False
770,2 years,verified,34,0.29,0.15,3.3,3416,7.206.70.124,2024-07-15 10:36:45,Mobile,0,False
771,1 year,unverified,100,0.77,0.27,3.1,1120,135.248.215.140,2024-05-15 16:03:49,Tablet,2,True
772,1 month,unverified,7,0.88,0.22,3.9,3179,108.106.153.65,2024-02-24 18:40:58,Mobile,1,False
773,6 months,unverified,58,0.34,0.2,3.9,1148,47.111.166.176,2024-09-27 18:34:05,PC,4,False
774,2 years,verified,49,0.28,0.38,1.1,1782,133.98.235.10,2024-07-29 04:31:18,Tablet,0,True
775,1 year,verified,93,0.69,0.37,3.4,4136,130.93.201.143,2024-01-11 02:21:04,PC,1,False
776,1 year,unverified,52,0.86,0.63,4.5,8686,196.222.236.122,2024-06-22 12:04:40,Tablet,0,True
777,6 months,verified,55,0.27,0.54,4.9,4437,98.156.175.59,2024-08-14 01:06:13,Tablet,2,True
778,6 months,unverified,85,0.78,0.59,2.3,3705,214.130.126.167,2024-09-10 23:23:47,PC,4,False
779,1 year,verified,79,0.56,0.97,4.6,4473,184.119.250.211,2024-07-04 08:15:47,Mobile,3,False
780,1 year,verified,100,0.58,0.53,4.6,3174,177.85.3.236,2024-08-14 07:14:42,PC,0,False
781,1 year,unverified,5,0.85,0.78,1.7,2805,171.248.186.231,2024-10-01 02:13:05,Tablet,0,True
782,6 months,verified,44,0.2,0.34,3.5,961,206.202.33.149,2024-04-06 18:18:56,Mobile,4,True
783,1 month,unverified,79,0.63,0.81,2.9,2900,202.179.0.195,2024-09-26 05:15:45,PC,5,False
784,6 months,unverified,75,0.67,0.83,1.6,5111,218.120.156.189,2024-08-14 07:58:47,PC,2,True
785,1 month,unverified,31,0.71,0.49,3.4,1444,6.226.232.202,2024-01-15 03:35:16,PC,5,False
786,2 years,unverified,88,0.63,0.93,4.6,1714,222.109.85.31,2024-08-05 05:27:29,PC,0,False
787,3 years,verified,98,0.53,0.87,1.6,4273,91.95.109.155,2024-04-06 23:38:19,Mobile,3,False
788,2 years,unverified,54,0.34,0.2,3.9,8881,196.209.13.19,2024-08-27 19:57:41,Mobile,3,True
789,1 year,verified,32,0.56,0.93,2.1,975,208.215.132.105,2024-03-31 13:45:51,Tablet,0,True
790,3 years,verified,17,0.12,0.74,3.9,1554,168.43.2.77,2024-03-27 13:26:58,PC,0,False
791,3 years,unverified,18,0.82,0.48,1.7,6205,194.2.126.62,2024-02-27 19:02:47,Tablet,0,False
792,1 year,unverified,45,0.36,0.74,2.6,591,162.40.82.42,2024-01-27 05:43:58,Mobile,5,True
793,1 month,verified,62,0.13,0.91,1.8,1892,35.172.119.194,2024-03-11 00:40:06,Tablet,5,False
794,6 months,verified,19,0.66,0.92,5.0,3222,150.99.86.119,2024-07-26 10:33:35,Tablet,3,False
795,1 month,verified,47,0.21,0.52,1.5,6418,187.84.73.93,2024-05-16 06:50:56,Tablet,4,True
796,2 years,verified,26,0.53,0.95,3.4,8617,19.253.114.148,2024-04-01 16:54:53,Mobile,4,True
797,3 years,verified,97,0.15,0.32,1.8,2945,219.192.39.93,2024-06-10 02:37:30,PC,1,True
798,1 month,unverified,16,0.79,0.4,4.5,5702,216.248.11.106,2024-07-14 05:59:58,Tablet,3,True
799,6 months,unverified,43,0.89,0.68,2.3,4756,47.42.55.115,2024-03-21 21:06:26,Tablet,1,False
800,2 years,unverified,46,0.53,0.34,2.7,4847,136.116.181.84,2024-08-18 17:21:43,PC,3,True
801,1 month,unverified,46,0.58,0.41,2.6,303,66.212.143.176,2024-01-06 07:41:35,Mobile,2,True
802,1 year,verified,21,0.7,0.11,2.8,4448,135.76.163.79,2024-01-28 01:15:12,Tablet,4,True
803,6 months,unverified,71,0.11,0.48,1.2,9992,7.193.92.89,2024-07-17 16:50:33,Mobile,1,False
804,3 years,verified,40,0.35,0.21,2.6,5595,47.247.188.109,2024-05-29 07:57:09,Tablet,5,True
805,2 years,unverified,37,0.23,0.99,4.3,7319,196.159.197.26,2024-06-30 22:38:40,Tablet,4,True
806,3 years,verified,57,0.24,0.88,5.0,2227,49.184.82.113,2024-10-03 07:47:58,Mobile,0,True
807,1 year,unverified,3,0.52,0.32,4.7,5803,221.247.68.41,2024-08-03 05:21:17,PC,1,False
808,3 years,verified,60,0.71,0.13,1.5,7087,111.173.141.202,2024-08-19 19:36:34,PC,4,True
809,1 year,unverified,95,0.91,0.6,2.5,3141,86.4.220.244,2024-05-21 14:08:26,Mobile,4,False
810,2 years,verified,34,0.53,0.94,2.1,9890,134.74.189.233,2024-09-20 21:53:57,Mobile,2,False
811,2 years,unverified,98,0.58,0.8,4.4,7816,142.11.206.50,2024-08-13 18:29:37,PC,0,False
812,1 year,verified,62,0.9,0.15,2.1,3867,193.132.33.122,2024-05-07 07:52:53,Tablet,0,False
813,6 months,unverified,84,0.87,0.24,4.1,1752,94.208.232.156,2024-08-02 11:12:25,Tablet,5,False
814,1 month,verified,87,0.14,1.0,3.9,5444,159.254.129.46,2024-05-25 01:22:40,PC,1,False
815,1 year,verified,16,0.72,0.69,1.4,405,139.172.104.122,2024-06-17 02:05:39,Tablet,0,True
816,1 year,unverified,44,0.61,0.22,2.4,3124,193.209.243.133,2024-04-22 17:33:32,Mobile,1,True
817,6 months,unverified,63,0.37,0.18,3.8,7805,176.157.149.215,2024-01-13 01:45:50,PC,0,False
818,2 years,verified,65,0.71,0.8,3.5,5197,97.145.7.57,2024-04-13 22:54:57,Mobile,2,False
819,3 years,verified,12,0.21,0.61,1.5,3980,145.246.59.226,2024-07-25 09:59:09,Mobile,4,True
820,3 years,verified,78,0.64,0.96,3.6,7553,215.158.45.36,2024-07-17 14:21:06,Tablet,0,False
821,3 years,verified,8,0.77,0.8,2.7,9895,202.61.50.26,2024-09-10 15:08:14,PC,3,True
822,6 months,unverified,28,0.13,0.27,2.8,7984,61.115.3.138,2024-07-26 22:51:37,Tablet,2,True
823,2 years,unverified,13,0.85,1.0,4.0,3530,223.52.18.9,2024-01-04 04:57:49,Mobile,2,False
824,2 years,unverified,81,0.62,0.95,2.6,2956,193.175.81.180,2024-04-30 21:03:28,PC,0,False
825,2 years,verified,97,0.49,0.89,4.1,7508,220.47.199.29,2024-05-03 15:38:22,PC,1,False
826,1 month,unverified,56,0.62,0.72,1.0,1657,82.71.49.208,2024-06-16 04:36:41,Tablet,4,True
827,1 month,unverified,98,0.35,0.19,1.6,2587,94.60.117.126,2024-07-15 23:27:02,PC,0,True
828,6 months,verified,25,0.51,0.68,5.0,262,217.242.97.51,2024-03-26 16:58:07,PC,1,False
829,1 year,verified,85,0.98,0.75,4.9,4762,183.130.243.14,2024-05-23 14:05:01,Tablet,1,True
830,1 month,verified,46,0.38,0.59,3.2,7452,45.57.55.243,2024-03-24 15:27:25,Mobile,3,False
831,6 months,unverified,9,0.94,0.57,3.9,4956,161.50.216.206,2024-07-07 22:25:57,Tablet,0,False
832,1 year,verified,37,0.74,0.45,3.8,1436,66.149.16.85,2024-01-18 08:03:29,Tablet,4,True
833,6 months,verified,25,0.79,0.54,2.7,1388,53.0.16.189,2024-05-26 06:06:01,Mobile,0,False
834,2 years,verified,54,0.16,0.78,3.2,1868,54.203.185.140,2024-07-10 22:23:04,Tablet,3,True
835,2 years,verified,47,0.99,0.82,4.7,6131,43.123.145.231,2024-03-20 19:49:50,PC,3,True
836,1 month,unverified,2,0.94,0.72,3.7,1565,144.205.182.51,2024-04-29 08:49:49,Mobile,1,True
837,6 months,unverified,78,0.23,0.75,4.2,5354,145.159.72.77,2024-01-02 23:21:01,Mobile,2,True
838,3 years,verified,50,0.52,0.7,2.9,3234,139.172.147.123,2024-02-15 13:45:07,Tablet,4,True
839,2 years,unverified,68,0.22,0.44,1.1,6681,87.4.112.81,2024-04-10 07:56:20,Tablet,0,False
840,6 months,verified,36,0.42,0.6,1.9,3850,151.216.214.139,2024-01-04 16:44:51,PC,3,False
841,6 months,unverified,4,0.34,0.79,1.2,8489,133.188.30.85,2024-04-10 09:22:31,Mobile,5,False
842,1 month,verified,35,0.1,1.0,2.3,8916,11.154.46.72,2024-06-24 15:19:35,Tablet,4,False
843,3 years,verified,94,0.44,0.25,4.9,2045,210.224.218.150,2024-04-21 07:50:11,Mobile,5,True
844,1 month,verified,48,0.97,0.62,2.4,5419,175.10.47.82,2024-03-01 23:22:45,PC,5,True
845,3 years,verified,42,0.52,0.79,2.5,9223,112.55.128.246,2024-09-28 11:09:39,PC,4,True
846,1 month,verified,44,0.68,0.94,4.4,6803,89.82.237.149,2024-09-24 06:22:23,PC,4,True
847,2 years,unverified,38,0.67,0.93,4.2,9616,162.4.139.8,2024-05-19 17:48:04,PC,5,True
848,6 months,verified,28,0.51,0.87,1.8,1993,74.132.109.225,2024-01-18 18:44:57,Mobile,3,True
849,6 months,unverified,67,0.48,0.44,4.5,654,197.135.227.223,2024-06-16 09:16:58,Mobile,5,True
850,6 months,verified,30,0.98,0.29,2.2,8360,201.145.225.27,2024-01-21 19:19:18,Mobile,3,False
851,3 years,verified,1,0.37,0.38,1.9,5385,22.131.107.201,2024-01-23 04:26:31,Mobile,5,False
852,3 years,unverified,5,0.63,0.86,4.0,5257,186.21.247.185,2024-05-26 18:22:44,PC,4,True
853,1 year,verified,86,0.97,0.69,4.2,5312,214.62.96.188,2024-02-28 19:22:44,PC,0,True
854,3 years,unverified,93,0.47,0.83,1.5,2334,159.48.120.127,2024-09-10 04:55:11,PC,4,True
855,1 month,unverified,37,0.11,0.44,3.0,2129,137.14.179.124,2024-06-20 19:48:20,Mobile,1,False
856,2 years,unverified,43,0.11,0.17,3.5,9378,208.159.31.234,2024-08-07 11:28:12,Tablet,3,True
857,2 years,verified,26,0.22,0.16,2.9,642,201.47.200.60,2024-05-09 23:03:35,Mobile,1,False
858,1 year,verified,12,0.85,0.17,2.0,7333,174.177.148.232,2024-05-03 10:13:49,PC,0,False
859,1 year,verified,98,0.95,0.85,1.0,4844,152.245.61.2,2024-08-22 09:57:53,Tablet,3,True
860,1 month,verified,81,0.16,0.5,4.6,6943,169.11.210.222,2024-09-01 23:00:07,PC,5,False
861,1 month,unverified,98,0.35,0.5,3.5,2893,192.69.130.2,2024-03-18 00:45:36,Tablet,5,True
862,1 year,unverified,41,0.57,0.88,2.7,9740,217.166.75.5,2024-03-01 11:54:58,PC,0,True
863,1 year,verified,59,0.43,0.98,2.4,7148,216.188.214.227,2024-04-30 06:58:45,Tablet,2,False
864,2 years,verified,78,0.9,0.14,1.8,4680,42.244.227.108,2024-02-02 21:31:12,Mobile,2,False
865,2 years,unverified,20,0.16,0.18,3.8,5837,21.138.66.90,2024-09-02 22:11:31,Mobile,5,True
866,1 year,unverified,13,0.79,0.4,1.7,3689,3.65.212.40,2024-04-25 02:51:56,Mobile,1,True
867,3 years,unverified,24,0.65,0.46,2.3,4828,208.185.59.146,2024-05-18 05:08:05,Mobile,2,True
868,1 month,unverified,68,0.6,0.37,2.4,8159,123.5.25.48,2024-07-21 15:06:58,Tablet,0,False
869,2 years,verified,92,0.72,0.89,2.4,1003,203.64.77.43,2024-09-11 04:11:18,Mobile,3,False
870,6 months,verified,62,0.85,0.57,2.9,1266,71.65.139.110,2024-05-18 09:26:48,Tablet,2,False
871,3 years,unverified,51,0.56,0.58,4.7,5135,68.6.5.229,2024-04-07 22:11:52,Mobile,1,False
872,1 month,unverified,51,0.54,0.94,1.6,6911,69.107.254.2,2024-07-02 18:09:09,PC,0,False
873,2 years,unverified,92,0.56,0.48,3.8,2437,31.176.206.178,2024-08-01 03:01:05,Tablet,4,False
874,6 months,unverified,44,0.85,0.26,3.9,2158,204.233.251.163,2024-06-12 07:34:16,Tablet,5,False
875,1 month,unverified,94,0.76,0.79,2.0,8746,170.186.54.47,2024-01-05 18:16:42,Mobile,2,True
876,1 year,unverified,56,0.11,0.62,3.5,6295,120.174.187.108,2024-01-02 17:07:38,PC,3,True
877,6 months,unverified,47,0.5,0.25,1.9,7058,190.2.38.190,2024-01-08 17:06:00,Tablet,0,False
878,2 years,verified,41,0.98,0.29,4.5,3098,208.35.144.21,2024-03-22 10:34:27,PC,0,True
879,1 year,verified,50,0.72,0.2,1.5,7565,117.125.126.85,2024-01-15 20:45:33,Mobile,5,False
880,1 month,unverified,54,0.27,0.33,3.4,1970,69.158.133.10,2024-04-30 07:45:14,Mobile,4,False
881,1 year,unverified,29,0.46,0.86,4.9,779,201.186.197.208,2024-03-22 16:04:17,Mobile,5,True
882,6 months,verified,86,0.93,0.82,2.6,3929,70.234.203.128,2024-02-13 11:43:13,Tablet,3,True
883,1 month,verified,84,0.91,0.85,2.3,5226,223.94.24.228,2024-01-11 23:25:28,Tablet,2,False
884,3 years,verified,76,0.58,0.21,4.8,799,24.188.62.232,2024-05-01 19:32:38,Tablet,3,False
885,3 years,unverified,8,0.86,0.85,4.0,5542,14.146.113.241,2024-08-14 14:57:45,PC,0,True
886,3 years,unverified,24,0.7,0.22,4.5,5658,16.193.20.167,2024-01-11 22:19:44,Mobile,4,True
887,1 year,unverified,21,0.6,1.0,2.8,4455,160.125.172.67,2024-01-29 20:44:20,Tablet,5,True
888,6 months,unverified,53,0.58,0.33,3.2,4240,41.173.31.31,2024-01-03 00:20:40,PC,0,True
889,1 year,unverified,68,0.95,0.59,3.5,408,93.192.1.5,2024-08-10 20:58:36,Mobile,4,False
890,3 years,unverified,92,0.49,0.48,3.4,2045,23.246.224.179,2024-04-08 23:46:26,PC,5,True
891,2 years,verified,19,0.67,0.58,4.4,479,69.203.132.94,2024-05-04 02:28:52,Mobile,0,True
892,6 months,verified,74,0.56,0.48,3.3,3025,201.49.217.118,2024-08-07 08:43:41,PC,1,False
893,3 years,verified,93,0.44,0.96,3.4,2982,215.131.27.137,2024-02-06 12:23:22,Tablet,5,False
894,2 years,unverified,68,0.35,0.17,1.8,5317,208.212.37.199,2024-01-04 08:48:56,Tablet,1,False
895,1 month,verified,38,0.79,1.0,1.2,443,218.38.138.158,2024-05-26 09:57:35,Tablet,5,True
896,6 months,verified,55,0.48,0.25,4.0,6819,198.186.187.69,2024-06-19 14:33:10,Tablet,3,True
897,1 year,verified,84,0.88,0.94,1.2,2110,156.114.206.65,2024-09-26 07:12:16,PC,3,False
898,1 year,unverified,29,0.14,0.74,1.2,8894,37.214.193.203,2024-07-13 18:53:01,Tablet,2,True
899,1 year,verified,1,0.85,0.41,1.6,2801,143.84.168.57,2024-05-10 04:25:47,Mobile,2,False
900,6 months,verified,23,0.33,0.21,2.1,8457,192.40.50.254,2024-09-08 10:59:37,Tablet,3,False
901,1 month,unverified,96,0.79,0.62,2.4,6992,192.251.171.169,2024-09-04 10:05:54,PC,3,True
902,6 months,verified,89,0.44,0.97,4.0,6423,189.192.78.229,2024-01-25 04:31:18,Mobile,3,False
903,6 months,unverified,88,0.5,0.18,4.6,1112,39.47.124.63,2024-09-22 06:16:53,Mobile,5,False
904,2 years,verified,25,0.62,0.46,4.1,6307,12.200.105.74,2024-07-04 14:16:55,Mobile,1,True
905,1 year,unverified,39,0.53,0.17,3.6,6170,98.58.174.33,2024-04-05 20:40:52,Mobile,3,False
906,1 month,verified,4,0.46,0.64,4.7,2794,177.55.217.16,2024-08-25 21:12:32,Mobile,3,False
907,1 year,verified,44,0.35,0.96,3.2,8311,51.180.252.100,2024-06-09 06:33:08,Tablet,2,False
908,6 months,unverified,18,0.59,0.36,4.4,9045,129.169.185.156,2024-05-30 08:18:43,Mobile,3,True
909,1 year,verified,15,0.37,0.56,2.6,3495,124.177.196.130,2024-01-15 23:07:42,Mobile,1,True
910,6 months,unverified,68,0.52,0.61,3.5,9683,66.144.125.109,2024-02-17 11:04:51,Mobile,0,False
911,1 year,unverified,92,0.92,0.17,4.5,4396,171.21.85.75,2024-03-09 08:20:58,Tablet,0,False
912,3 years,unverified,47,0.54,0.38,3.8,8992,180.239.212.248,2024-09-11 07:59:51,PC,0,True
913,1 year,unverified,4,0.57,0.25,2.7,5680,201.237.200.224,2024-03-22 02:38:48,PC,1,True
914,1 month,unverified,39,0.24,0.28,3.8,8678,222.161.42.79,2024-08-18 00:41:25,PC,1,False
915,1 year,verified,81,0.65,0.29,2.2,7526,193.158.38.159,2024-03-14 18:39:45,Tablet,3,False
916,1 month,verified,85,0.68,0.92,1.8,9941,137.122.161.122,2024-08-19 17:03:29,Tablet,2,False
917,6 months,verified,25,0.62,0.48,5.0,1581,152.125.125.151,2024-08-21 13:21:32,Mobile,1,True
918,2 years,verified,63,0.11,0.72,2.0,8599,121.140.58.238,2024-03-20 16:41:24,Tablet,4,True
919,6 months,verified,89,0.57,0.55,2.5,6455,46.38.30.177,2024-08-27 16:55:25,PC,5,True
920,2 years,unverified,47,0.25,0.57,1.9,8007,64.159.24.35,2024-09-09 12:49:37,Tablet,5,False
921,2 years,unverified,77,0.52,0.87,4.1,4396,193.69.167.22,2024-07-03 23:16:15,Mobile,5,False
922,6 months,unverified,37,0.21,0.49,1.4,8735,219.73.92.189,2024-03-07 15:09:12,PC,4,True
923,1 year,unverified,32,0.54,0.37,4.9,9943,71.7.120.149,2024-06-21 10:31:20,Mobile,4,False
924,6 months,unverified,59,0.66,0.41,4.8,2268,156.253.141.68,2024-07-29 19:47:45,Tablet,1,False
925,3 years,verified,38,0.42,0.11,4.1,6805,202.194.125.146,2024-06-01 02:49:56,Tablet,2,False
926,1 year,unverified,16,0.53,0.19,1.5,7371,216.162.59.199,2024-09-04 15:05:18,PC,4,True
927,1 month,unverified,100,0.67,0.21,4.2,4607,79.222.188.164,2024-03-15 05:21:58,Tablet,5,True
928,2 years,verified,41,0.18,0.5,3.0,4918,33.156.199.131,2024-06-14 05:06:18,PC,1,True
929,1 year,verified,65,0.86,0.7,3.5,4014,164.131.207.177,2024-04-15 08:05:33,PC,2,False
930,2 years,unverified,47,0.45,0.26,1.7,2858,2.218.223.3,2024-06-09 20:00:02,PC,0,True
931,2 years,verified,9,0.59,0.19,3.3,7620,177.178.122.188,2024-04-23 01:50:28,Mobile,0,False
932,1 year,verified,34,0.12,0.2,1.7,8639,194.28.167.145,2024-03-14 21:17:44,Tablet,0,False
933,1 month,unverified,4,0.55,0.87,2.9,748,201.151.243.158,2024-03-02 13:25:54,PC,1,True
934,3 years,verified,96,0.62,0.43,3.5,4568,193.241.20.166,2024-06-26 06:41:03,PC,1,True
935,6 months,verified,61,0.42,0.93,1.7,7393,208.40.183.89,2024-02-05 05:57:50,Mobile,3,True
936,2 years,verified,41,0.73,0.72,2.9,1901,185.89.244.151,2024-04-08 22:39:54,Mobile,0,False
937,6 months,unverified,23,0.41,0.21,2.7,5470,163.98.152.240,2024-04-14 02:35:45,Tablet,3,True
938,1 year,unverified,90,0.95,0.39,4.7,8124,178.192.43.30,2024-04-05 09:15:48,Mobile,4,False
939,1 month,verified,31,0.86,0.98,4.9,9055,189.39.205.240,2024-01-28 18:43:22,Tablet,3,True
940,6 months,unverified,29,0.41,0.51,2.6,6762,95.168.57.79,2024-05-26 10:29:11,Tablet,0,True
941,3 years,unverified,63,0.97,0.35,4.6,8626,58.239.115.75,2024-02-02 12:34:43,PC,5,False
942,1 month,unverified,47,0.83,0.15,1.1,1250,173.8.215.212,2024-02-17 20:49:12,Mobile,4,True
943,2 years,unverified,41,0.9,0.76,2.5,1485,117.174.171.226,2024-04-18 05:25:06,PC,1,False
944,6 months,verified,80,0.59,0.35,4.8,5448,157.56.46.228,2024-08-28 10:34:06,PC,5,True
945,1 month,unverified,78,0.73,0.66,4.5,4635,132.140.55.202,2024-04-09 18:27:36,Mobile,5,False
946,6 months,verified,58,0.39,0.45,1.4,8972,143.75.127.110,2024-03-09 01:48:29,PC,3,True
947,1 year,unverified,16,0.76,0.31,2.5,9409,187.5.197.39,2024-08-09 15:08:59,Tablet,0,False
948,6 months,unverified,34,0.43,0.21,1.5,8297,90.75.65.134,2024-01-07 01:23:35,Tablet,5,False
949,2 years,verified,54,0.6,0.15,1.4,8847,187.25.173.134,2024-07-02 14:53:46,Tablet,2,False
950,1 year,unverified,23,0.91,0.77,1.2,8443,138.94.57.49,2024-01-13 18:08:31,Mobile,3,True
951,1 month,unverified,63,0.89,0.37,3.3,3431,116.23.171.157,2024-01-01 14:21:59,PC,5,True
952,1 year,verified,56,0.82,0.87,2.7,2404,195.23.24.145,2024-06-21 11:23:29,Mobile,0,True
953,1 month,unverified,45,0.81,0.3,3.3,6676,217.237.120.193,2024-05-09 23:59:01,PC,3,False
954,6 months,verified,87,0.27,0.52,3.6,9779,56.251.250.39,2024-07-11 12:02:33,Tablet,5,True
955,1 year,unverified,95,0.93,0.93,2.3,5662,214.216.48.201,2024-04-29 18:37:13,Tablet,0,False
956,3 years,unverified,26,0.13,0.86,5.0,4054,21.46.223.102,2024-05-04 19:39:44,PC,3,True
957,1 month,unverified,53,0.81,0.61,1.9,5282,48.197.55.182,2024-07-19 16:53:25,Mobile,2,True
958,1 month,verified,17,0.91,0.34,1.2,3767,116.19.244.29,2024-05-21 09:49:50,Tablet,3,False
959,6 months,unverified,95,0.78,0.93,1.1,8280,122.78.20.36,2024-08-04 11:13:29,Tablet,2,False
960,1 year,verified,57,0.19,0.37,2.1,5429,6.121.176.59,2024-06-05 22:56:36,PC,0,False
961,6 months,unverified,85,0.17,0.74,3.0,2137,35.221.49.244,2024-05-14 04:01:20,Tablet,1,True
962,1 month,unverified,97,0.41,0.36,2.4,8976,148.76.49.157,2024-08-02 12:30:06,Mobile,1,True
963,3 years,unverified,38,0.92,0.98,2.5,4418,132.107.176.249,2024-04-14 21:51:17,Mobile,1,True
964,1 month,verified,5,0.9,0.73,1.8,6941,216.77.36.129,2024-04-28 21:18:44,Tablet,5,False
965,2 years,unverified,86,0.8,0.35,4.5,235,143.120.101.192,2024-06-21 07:35:46,Tablet,5,True
966,1 year,unverified,50,0.99,0.78,4.5,5998,179.125.108.22,2024-05-07 22:32:43,Tablet,3,True
967,2 years,verified,70,0.75,0.85,1.3,9733,195.160.220.225,2024-07-22 16:31:35,Mobile,5,True
968,2 years,verified,10,0.57,0.17,1.3,318,197.96.108.75,2024-09-12 02:27:07,Mobile,5,True
969,6 months,unverified,55,0.18,0.36,4.2,3525,81.67.211.176,2024-09-03 08:04:40,PC,1,True
970,3 years,verified,78,0.86,0.39,4.6,7637,128.185.200.207,2024-01-29 23:35:31,PC,5,True
971,6 months,unverified,85,0.54,0.23,4.7,9998,3.80.181.25,2024-06-10 19:10:52,PC,3,False
972,6 months,unverified,17,0.11,0.91,4.1,1302,13.178.21.173,2024-10-01 07:32:12,Mobile,1,True
973,3 years,verified,37,0.32,0.23,4.3,3741,2.165.143.235,2024-04-16 21:18:22,PC,1,False
974,3 years,unverified,12,0.11,0.71,2.4,5133,167.212.144.147,2024-08-12 04:23:43,Mobile,4,False
975,1 year,unverified,62,0.82,0.61,3.7,7284,202.170.213.216,2024-08-11 04:05:13,Tablet,4,True
976,2 years,unverified,60,0.53,0.12,4.2,4824,218.17.157.225,2024-02-20 04:54:22,PC,2,True
977,6 months,verified,42,0.6,0.91,2.1,9440,175.71.203.119,2024-07-28 09:12:56,Tablet,3,False
978,3 years,verified,58,0.11,0.32,2.1,9407,73.156.106.28,2024-01-27 21:13:56,Mobile,0,True
979,1 year,verified,11,0.35,0.18,3.8,1549,128.134.137.241,2024-02-06 18:26:52,Mobile,2,False
980,3 years,verified,29,0.43,0.32,4.6,9853,193.206.125.21,2024-05-30 12:37:06,Tablet,5,True
981,3 years,verified,63,0.87,0.24,4.4,5656,58.138.44.136,2024-09-24 10:10:42,Mobile,2,True
982,1 year,unverified,68,0.35,0.1,3.7,8659,180.78.197.127,2024-02-09 20:41:02,Tablet,1,False
983,3 years,unverified,3,0.91,0.16,1.3,6185,188.191.20.242,2024-07-01 05:22:33,Tablet,2,True
984,1 month,unverified,39,0.82,0.86,3.9,405,199.166.108.248,2024-08-05 03:58:45,Tablet,2,True
985,3 years,unverified,47,0.9,0.65,1.6,9231,87.34.28.224,2024-03-07 05:14:37,PC,4,True
986,2 years,unverified,41,0.63,0.12,3.8,5554,210.125.131.116,2024-01-14 05:41:08,Tablet,3,True
987,6 months,unverified,37,0.41,0.75,2.0,5515,111.31.43.1,2024-06-09 09:08:26,PC,3,True
988,1 month,unverified,35,0.5,0.67,2.8,8141,89.65.75.4,2024-01-06 09:02:43,PC,3,True
989,1 month,unverified,1,0.5,0.75,3.6,344,135.48.40.173,2024-01-17 13:52:01,Tablet,4,True
990,1 month,verified,17,0.78,0.32,1.2,2152,206.129.13.25,2024-06-22 01:31:22,Mobile,3,False
991,6 months,verified,16,0.74,0.88,4.5,2856,170.205.194.251,2024-01-11 18:10:31,Tablet,1,False
992,2 years,verified,24,0.7,0.68,2.1,1362,65.57.108.217,2024-01-21 06:48:39,PC,3,False
993,1 year,verified,87,0.73,0.7,4.9,2220,170.97.240.234,2024-03-17 14:34:23,PC,5,False
994,2 years,unverified,90,0.79,0.16,2.9,4055,152.67.186.5,2024-06-21 18:08:02,Mobile,4,False
995,3 years,verified,80,0.97,0.46,4.3,3768,195.108.208.245,2024-07-10 08:58:29,PC,5,False
996,1 year,verified,60,0.67,0.19,2.1,6454,212.90.33.181,2024-05-09 20:17:38,PC,5,True
997,2 years,verified,93,0.52,0.32,1.5,535,160.97.48.70,2024-07-16 18:06:37,PC,1,True
998,2 years,verified,87,0.55,0.24,3.2,4094,112.166.137.195,2024-05-05 05:54:12,Tablet,4,False
999,6 months,verified,94,0.68,0.6,2.5,8991,131.249.205.174,2024-06-17 16:31:46,Tablet,1,True
1000,3 years,verified,53,0.64,0.45,4.7,3094,143.241.100.14,2024-05-27 20:09:00,Tablet,5,True
